Workbook

Sheet README
A1: LA28 QUALIFICATION DATABASE — v4
A3: FENCING, CRICKET, FOOTBALL AND BASKETBALL ARE COMPLETE (green rows).
A5: WHAT CRICKET ADDED TO THE SCHEMA
A6: 1. gate_ranking_id — new column on Links. Cricket’s host place is NOT automatic: the USA gets it
A7: only if it appears at rank 15 or better between 30 Jun and 31 Dec 2026. The berth comes from
A8: HOST_USA but a ranking decides whether it lands. Fencing had no conditional berths; several
A9: other sports will. Blank for every fencing row.
A10: 2. status = CONDITIONAL — a competition that may not happen. The West Indies Nations Regional
A11: Tournament exists only if West Indies finishes inside the eight highest-ranked teams not yet
A12: qualified. A competition whose existence depends on a ranking outcome.
A14: THE WEST INDIES ASYMMETRY — read this before trusting any cut-line
A15: West Indies holds a position in the ICC rankings but is not an IOC NOC and cannot take a quota
... A109: Modelled on link fbl-005 as one row (recipient conditional, count and source fixed).

Sheet Olympic_Events
A1: olympic_event_id | B1: sport | C1: gender | D1: event_name | E1: quota_total | F1: quota_unit | G1: ioc_doc_url | H1: notes | I1: berth_check
A2: la28-fencing-ind-foil-m | B2: Fencing | C2: M | D2: Men’s Individual Foil | E2: 10 | F2: ATHLETE | G2: https://stillmed.olympics.com/media/Documents/Olympic-Games/LA28/FEN-LA28-Qualification-System.pdf | H2: 10 individual quota places. The 24 athletes who qualify via team qualification also compete here but hold TEAM places, not these 10 (D.2). Field size 34–37. Max 3 athletes per NOC per weapon overall. | I2: =IF(E2="","no quota",IF(SUMIF(Links!D:D,A2,Links!G:G)=E2,"OK","MISMATCH: "&SUMIF(Links!D:D,A2,Links!G:G)&" of "&E2)) -> OK
A3: la28-fencing-team-foil-m | B3: Fencing | C3: M | D3: Men’s Team Foil | E3: 8 | F3: TEAM | G3: https://stillmed.olympics.com/media/Documents/Olympic-Games/LA28/FEN-LA28-Qualification-System.pdf | H3: 8 teams of 3 = 24 athletes. Max 9 teams if host adds one. 6 team events x 24 = 144 athlete places (B.4). | I3: =IF(E3="","no quota",IF(SUMIF(Links!D:D,A3,Links!G:G)=E3,"OK","MISMATCH: "&SUMIF(Links!D:D,A3,Links!G:G)&" of "&E3)) -> OK
A4: la28-fencing-ind-epee-m | B4: Fencing | C4: M | D4: Men’s Individual Épée | E4: 10 | F4: ATHLETE | G4: https://stillmed.olympics.com/media/Documents/Olympic-Games/LA28/FEN-LA28-Qualification-System.pdf | H4: 10 individual quota places. The 24 athletes who qualify via team qualification also compete here but hold TEAM places, not these 10 (D.2). Field size 34–37. Max 3 athletes per NOC per weapon overall. | I4: =IF(E4="","no quota",IF(SUMIF(Links!D:D,A4,Links!G:G)=E4,"OK","MISMATCH: "&SUMIF(Links!D:D,A4,Links!G:G)&" of "&E4)) -> OK
A5: la28-fencing-team-epee-m | B5: Fencing | C5: M | D5: Men’s Team Épée | E5: 8 | F5: TEAM | G5: https://stillmed.olympics.com/media/Documents/Olympic-Games/LA28/FEN-LA28-Qualification-System.pdf | H5: 8 teams of 3 = 24 athletes. Max 9 teams if host adds one. 6 team events x 24 = 144 athlete places (B.4). | I5: =IF(E5="","no quota",IF(SUMIF(Links!D:D,A5,Links!G:G)=E5,"OK","MISMATCH: "&SUMIF(Links!D:D,A5,Links!G:G)&" of "&E5)) -> OK
A6: la28-fencing-ind-sabre-m | B6: Fencing | C6: M | D6: Men’s Individual Sabre | E6: 10 | F6: ATHLETE | G6: https://stillmed.olympics.com/media/Documents/Olympic-Games/LA28/FEN-LA28-Qualification-System.pdf | H6: 10 individual quota places. The 24 athletes who qualify via team qualification also compete here but hold TEAM places, not these 10 (D.2). Field size 34–37. Max 3 athletes per NOC per weapon overall. | I6: =IF(E6="","no quota",IF(SUMIF(Links!D:D,A6,Links!G:G)=E6,"OK","MISMATCH: "&SUMIF(Links!D:D,A6,Links!G:G)&" of "&E6)) -> OK
A7: la28-fencing-team-sabre-m | B7: Fencing | C7: M | D7: Men’s Team Sabre | E7: 8 | F7: TEAM | G7: https://stillmed.olympics.com/media/Documents/Olympic-Games/LA28/FEN-LA28-Qualification-System.pdf | H7: 8 teams of 3 = 24 athletes. Max 9 teams if host adds one. 6 team events x 24 = 144 athlete places (B.4). | I7: =IF(E7="","no quota",IF(SUMIF(Links!D:D,A7,Links!G:G)=E7,"OK","MISMATCH: "&SUMIF(Links!D:D,A7,Links!G:G)&" of "&E7)) -> OK
A8: la28-fencing-ind-foil-w | B8: Fencing | C8: W | D8: Women’s Individual Foil | E8: 10 | F8: ATHLETE | G8: https://stillmed.olympics.com/media/Documents/Olympic-Games/LA28/FEN-LA28-Qualification-System.pdf | H8: 10 individual quota places. The 24 athletes who qualify via team qualification also compete here but hold TEAM places, not these 10 (D.2). Field size 34–37. Max 3 athletes per NOC per weapon overall. | I8: =IF(E8="","no quota",IF(SUMIF(Links!D:D,A8,Links!G:G)=E8,"OK","MISMATCH: "&SUMIF(Links!D:D,A8,Links!G:G)&" of "&E8)) -> OK
A9: la28-fencing-team-foil-w | B9: Fencing | C9: W | D9: Women’s Team Foil | E9: 8 | F9: TEAM | G9: https://stillmed.olympics.com/media/Documents/Olympic-Games/LA28/FEN-LA28-Qualification-System.pdf | H9: 8 teams of 3 = 24 athletes. Max 9 teams if host adds one. 6 team events x 24 = 144 athlete places (B.4). | I9: =IF(E9="","no quota",IF(SUMIF(Links!D:D,A9,Links!G:G)=E9,"OK","MISMATCH: "&SUMIF(Links!D:D,A9,Links!G:G)&" of "&E9)) -> OK
A10: la28-fencing-ind-epee-w | B10: Fencing | C10: W | D10: Women’s Individual Épée | E10: 10 | F10: ATHLETE | G10: https://stillmed.olympics.com/media/Documents/Olympic-Games/LA28/FEN-LA28-Qualification-System.pdf | H10: 10 individual quota places. The 24 athletes who qualify via team qualification also compete here but hold TEAM places, not these 10 (D.2). Field size 34–37. Max 3 athletes per NOC per weapon overall. | I10: =IF(E10="","no quota",IF(SUMIF(Links!D:D,A10,Links!G:G)=E10,"OK","MISMATCH: "&SUMIF(Links!D:D,A10,Links!G:G)&" of "&E10)) -> OK
A11: la28-fencing-team-epee-w | B11: Fencing | C11: W | D11: Women’s Team Épée | E11: 8 | F11: TEAM | G11: https://stillmed.olympics.com/media/Documents/Olympic-Games/LA28/FEN-LA28-Qualification-System.pdf | H11: 8 teams of 3 = 24 athletes. Max 9 teams if host adds one. 6 team events x 24 = 144 athlete places (B.4). | I11: =IF(E11="","no quota",IF(SUMIF(Links!D:D,A11,Links!G:G)=E11,"OK","MISMATCH: "&SUMIF(Links!D:D,A11,Links!G:G)&" of "&E11)) -> OK
A12: la28-fencing-ind-sabre-w | B12: Fencing | C12: W | D12: Women’s Individual Sabre | E12: 10 | F12: ATHLETE | G12: https://stillmed.olympics.com/media/Documents/Olympic-Games/LA28/FEN-LA28-Qualification-System.pdf | H12: 10 individual quota places. The 24 athletes who qualify via team qualification also compete here but hold TEAM places, not these 10 (D.2). Field size 34–37. Max 3 athletes per NOC per weapon overall. | I12: =IF(E12="","no quota",IF(SUMIF(Links!D:D,A12,Links!G:G)=E12,"OK","MISMATCH: "&SUMIF(Links!D:D,A12,Links!G:G)&" of "&E12)) -> OK
A13: la28-fencing-team-sabre-w | B13: Fencing | C13: W | D13: Women’s Team Sabre | E13: 8 | F13: TEAM | G13: https://stillmed.olympics.com/media/Documents/Olympic-Games/LA28/FEN-LA28-Qualification-System.pdf | H13: 8 teams of 3 = 24 athletes. Max 9 teams if host adds one. 6 team events x 24 = 144 athlete places (B.4). | I13: =IF(E13="","no quota",IF(SUMIF(Links!D:D,A13,Links!G:G)=E13,"OK","MISMATCH: "&SUMIF(Links!D:D,A13,Links!G:G)&" of "&E13)) -> OK
... A20: la28-basketball-w | B20: Basketball | C20: W | D20: Women’s Basketball (5x5) | E20: 12 | F20: TEAM | G20: https://stillmed.olympics.com/media/Documents/Olympic-Games/LA28/BKB-LA28-Qualification-System.pdf | H20: 12 teams of 12 = 144 athletes. Host place also subject to a FIBA Central Board decision in 2027. If the FWBWC 2026 winner is also the host, only one team qualifies directly and 11 come through the FWOQT. | I20: =IF(E20="","no quota",IF(SUMIF(Links!D:D,A20,Links!G:G)=E20,"OK","MISMATCH: "&SUMIF(Links!D:D,A20,Links!G:G)&" of "&E20)) -> OK

Sheet Competitions
A1: competition_id | B1: name | C1: sport | D1: gender | E1: confederation | F1: start_date | G1: end_date | H1: date_confidence | I1: location | J1: status | K1: format | L1: teams_count | M1: official_url | N1: source_ref | O1: confidence | P1: notes
A2: fie-senior-team-world-cup | B2: Senior Team World Cup competitions | C2: Fencing | D2: X | E2: GLOBAL | F2: 2027-04-01 | G2: 2028-04-01 | H2: APPROXIMATE | J2: SCHEDULED | K2: Category of events across the season · awards ranking points only | M2: https://fie.org/ | N2: D.1 | O2: FROM_IOC_DOC | P2: Category, not a single event. Awards points to the FIE Senior Team Ranking.
A3: fie-senior-team-world-championships | B3: Senior Team World Championships | C3: Fencing | D3: X | E3: GLOBAL | F3: 2027-04-01 | G3: 2028-04-01 | H3: APPROXIMATE | J3: SCHEDULED | K3: Category of events across the season · awards ranking points only | M3: https://fie.org/ | N3: D.1 | O3: FROM_IOC_DOC | P3: Category, not a single event. Awards points to the FIE Senior Team Ranking.
A4: fie-senior-team-continental-championships | B4: Senior Team Continental Championships | C4: Fencing | D4: X | E4: GLOBAL | F4: 2027-04-01 | G4: 2028-04-01 | H4: APPROXIMATE | J4: SCHEDULED | K4: Category of events across the season · awards ranking points only | M4: https://fie.org/ | N4: D.1 | O4: FROM_IOC_DOC | P4: Category, not a single event. Awards points to the FIE Senior Team Ranking.
A5: fie-individual-grand-prix | B5: Individual Grand Prix competitions | C5: Fencing | D5: X | E5: GLOBAL | F5: 2027-04-01 | G5: 2028-04-01 | H5: APPROXIMATE | J5: SCHEDULED | K5: Category of events across the season · awards ranking points only | M5: https://fie.org/ | N5: D.2 | O5: FROM_IOC_DOC | P5: Category, not a single event. Awards points to the FIE Individual Official Ranking.
A6: fie-individual-senior-world-cup | B6: Individual Senior World Cup competitions | C6: Fencing | D6: X | E6: GLOBAL | F6: 2027-04-01 | G6: 2028-04-01 | H6: APPROXIMATE | J6: SCHEDULED | K6: Category of events across the season · awards ranking points only | M6: https://fie.org/ | N6: D.2 | O6: FROM_IOC_DOC | P6: Category, not a single event. Awards points to the FIE Individual Official Ranking.
A7: fie-satellite-competitions | B7: Satellite competitions | C7: Fencing | D7: X | E7: GLOBAL | F7: 2027-04-01 | G7: 2028-04-01 | H7: APPROXIMATE | J7: SCHEDULED | K7: Category of events across the season · awards ranking points only | M7: https://fie.org/ | N7: D.2 | O7: FROM_IOC_DOC | P7: Category, not a single event. Awards points to the FIE Individual Official Ranking.
A8: fie-individual-senior-world-championships | B8: Individual Senior World Championships | C8: Fencing | D8: X | E8: GLOBAL | F8: 2027-04-01 | G8: 2028-04-01 | H8: APPROXIMATE | J8: SCHEDULED | K8: Category of events across the season · awards ranking points only | M8: https://fie.org/ | N8: D.2 | O8: FROM_IOC_DOC | P8: Category, not a single event. Awards points to the FIE Individual Official Ranking.
A9: fie-individual-senior-continental-championships | B9: Individual Senior Continental Championships | C9: Fencing | D9: X | E9: GLOBAL | F9: 2027-04-01 | G9: 2028-04-01 | H9: APPROXIMATE | J9: SCHEDULED | K9: Category of events across the season · awards ranking points only | M9: https://fie.org/ | N9: D.2 | O9: FROM_IOC_DOC | P9: Category, not a single event. Awards points to the FIE Individual Official Ranking.
A10: fie-zonal-qualifying-europe | B10: FIE Zonal Qualifying Event — Europe | C10: Fencing | D10: X | E10: GLOBAL | F10: 2028-04-02 | G10: 2028-04-30 | H10: CONFIRMED | J10: SCHEDULED | K10: Zonal event · one athlete per NOC per weapon | M10: https://fie.org/ | N10: D.2 | O10: FROM_IOC_DOC | P10: Last-chance event. Open ONLY to NOCs with no athlete qualified for that weapon via team, AOR, or AOR by zone. Runs AFTER ranking closure (1 Apr 2028).
A11: fie-zonal-qualifying-asia-oceania | B11: FIE Zonal Qualifying Event — Asia-Oceania | C11: Fencing | D11: X | E11: GLOBAL | F11: 2028-04-02 | G11: 2028-04-30 | H11: CONFIRMED | J11: SCHEDULED | K11: Zonal event · one athlete per NOC per weapon | M11: https://fie.org/ | N11: D.2 | O11: FROM_IOC_DOC | P11: Last-chance event. Open ONLY to NOCs with no athlete qualified for that weapon via team, AOR, or AOR by zone. Runs AFTER ranking closure (1 Apr 2028).
A12: fie-zonal-qualifying-americas | B12: FIE Zonal Qualifying Event — the Americas | C12: Fencing | D12: X | E12: GLOBAL | F12: 2028-04-02 | G12: 2028-04-30 | H12: CONFIRMED | J12: SCHEDULED | K12: Zonal event · one athlete per NOC per weapon | M12: https://fie.org/ | N12: D.2 | O12: FROM_IOC_DOC | P12: Last-chance event. Open ONLY to NOCs with no athlete qualified for that weapon via team, AOR, or AOR by zone. Runs AFTER ranking closure (1 Apr 2028).
A13: fie-zonal-qualifying-africa | B13: FIE Zonal Qualifying Event — Africa | C13: Fencing | D13: X | E13: GLOBAL | F13: 2028-04-02 | G13: 2028-04-30 | H13: CONFIRMED | J13: SCHEDULED | K13: Zonal event · one athlete per NOC per weapon | M13: https://fie.org/ | N13: D.2 | O13: FROM_IOC_DOC | P13: Last-chance event. Open ONLY to NOCs with no athlete qualified for that weapon via team, AOR, or AOR by zone. Runs AFTER ranking closure (1 Apr 2028).
A14: icc-womens-t20-world-cup-2026 | B14: ICC Women’s T20 World Cup 2026 | C14: Cricket | D14: W | E14: GLOBAL | F14: 2026-06-12 | G14: 2026-07-06 | H14: CONFIRMED | J14: COMPLETE | K14: T20 World Cup · group stage then knockout | M14: https://www.icc-cricket.com/ | N14: D.4, H | O14: FROM_IOC_DOC | P14: Awards the four direct women’s places to the top-standing eligible NOC from each of four continents. Also a T20I event, so its matches feed the women’s ranking — one competition, two roles. Concluded 6 July 2026; verify the four allocated NOCs against ICC’s published confirmation before treating them as settled.
A15: icc-fogqt-men | B15: Final Olympic Global Qualification Tournament — Men | C15: Cricket | D15: M | E15: GLOBAL | H15: TBD | J15: UNANNOUNCED | K15: 8 teams · format TBC | M15: https://www.icc-cricket.com/ | N15: D.3, H | O15: FROM_IOC_DOC | P15: Date and venue TBC. Field of 8 = next eight highest-ranked eligible teams not yet qualified on the ICC Men’s T20I Rankings, allocated 31 Dec 2026. Winner takes the last men’s place. No cap on continental representation at this stage.
A16: icc-fogqt-women | B16: Final Olympic Global Qualification Tournament — Women | C16: Cricket | D16: W | E16: GLOBAL | H16: TBD | J16: UNANNOUNCED | K16: 8 teams · format TBC | M16: https://www.icc-cricket.com/ | N16: D.6, H | O16: FROM_IOC_DOC | P16: Date and venue TBC. Field of 8 = next eight highest-ranked eligible teams not yet qualified on the ICC Women’s T20I Rankings, allocated 1 March 2027. Winner takes the last women’s place. No cap on continental representation.
A17: icc-west-indies-regional-tournament-m | B17: West Indies Nations Regional Tournament — Men | C17: Cricket | D17: M | E17: GLOBAL | H17: TBD | J17: CONDITIONAL | K17: Caribbean NOCs · format TBC, tournament conditional | M17: https://www.icc-cricket.com/ | N17: D.3 | O17: FROM_IOC_DOC | P17: CURRENTLY ON TRACK TO HAPPEN. West Indies sits 7th in the men’s rankings and is inside the eight highest-ranked teams not yet qualified. Decides which Caribbean NOC represents the region at the men’s Olympics Qualifier. Trigger is assessed on the 31 Dec 2026 standings.
A18: icc-west-indies-regional-tournament-w | B18: West Indies Nations Regional Tournament — Women | C18: Cricket | D18: W | E18: GLOBAL | H18: TBD | J18: CONDITIONAL | K18: Caribbean NOCs · format TBC, tournament conditional | M18: https://www.icc-cricket.com/ | N18: D.6 | O18: FROM_IOC_DOC | P18: CURRENTLY ON TRACK TO HAPPEN. West Indies sits 7th and is inside the eight highest-ranked teams not yet qualified, which is the trigger condition. Decides which Caribbean NOC represents the region at the women’s Olympics Qualifier. Still conditional — it is the 1 March 2027 standings that count, not today’s.
A19: uefa-u21-euro-2027 | B19: 2027 UEFA European Under-21 Championship | C19: Football | D19: M | E19: UEFA | F19: 2027-06-01 | G19: 2027-06-30 | H19: APPROXIMATE | I19: Albania / Serbia | J19: SCHEDULED | K19: 16 teams · four groups of four, then knockout | M19: https://www.fifa.com/ | N19: https://en.wikipedia.org/wiki/Football_at_the_2028_Summer_Olympics_%E2%80%93_Men%27s_qualification | O19: CONFLICTING_DATES | P19: 16 teams. Awards 3 Olympic berths to the top 3 ELIGIBLE teams. DATE CONFLICT: Wikipedia’s tournament page gives 17 June – 4 July 2027, Totallympics gives 9–27 June, the qualification table just says June 2027. Verify with UEFA.
A20: uefa-u21-euro-2027-qualifying | B20: 2027 UEFA U21 Championship qualifying | C20: Football | D20: M | E20: UEFA | F20: 2025-06-05 | G20: 2026-10-06 | H20: CONFIRMED | I20: Various | J20: IN_PROGRESS | K20: 51 teams · nine groups, home and away, 12 matchdays | M20: https://www.fifa.com/ | N20: https://en.wikipedia.org/wiki/Football_at_the_2028_Summer_Olympics_%E2%80%93_Men%27s_qualification | O20: FROM_WIKIPEDIA | P20: 51 teams in nine groups (six of six, three of five), home and away, 172 matches. Group stage CLOSES 6 Oct 2026. The nine group winners plus the best runner-up qualify directly; the other eight runners-up drop into play-offs. Decisive matchdays 10–12 fall in a double window: 24–26 Sep, 28 Sep–1 Oct and 5–6 Oct 2026. Individual fixtures not captured — 172 matches were beyond what could be sourced.
A21: concacaf-u20-2026-qualification | B21: 2026 CONCACAF U-20 Championship qualification | C21: Football | D21: M | E21: CONCACAF | F21: 2026-02-23 | G21: 2026-03-04 | H21: CONFIRMED | J21: COMPLETE | K21: 32 teams · 6 groups (two of six, four of five), single round-robin | M21: https://www.fifa.com/ | N21: https://en.wikipedia.org/wiki/Football_at_the_2028_Summer_Olympics_%E2%80%93_Men%27s_qualification | O21: UNCONFIRMED | P21: Hosts: Costa Rica, Curaçao, Nicaragua. 67 matches; the six group winners advanced to the 2026 CONCACAF U-20 Championship. Individual fixtures not captured.
A22: afc-u23-asian-cup-2028 | B22: 2028 AFC U-23 Asian Cup | C22: Football | D22: M | E22: AFC | H22: TBD | J22: UNANNOUNCED | M22: https://www.fifa.com/ | N22: https://en.wikipedia.org/wiki/Football_at_the_2028_Summer_Olympics_%E2%80%93_Men%27s_qualification | O22: FROM_WIKIPEDIA | P22: Awards 2 Olympic berths. Dates, venue and format not announced. As of Feb 2026 only CONCACAF and UEFA had published their men’s processes.
A23: u23-afcon-2027 | B23: 2027 U-23 Africa Cup of Nations | C23: Football | D23: M | E23: CAF | H23: TBD | J23: UNANNOUNCED | M23: https://www.fifa.com/ | N23: https://en.wikipedia.org/wiki/Football_at_the_2028_Summer_Olympics_%E2%80%93_Men%27s_qualification | O23: FROM_WIKIPEDIA | P23: Awards 2 Olympic berths. Dates, venue and format not announced.
A24: conmebol-olympic-qualifying-2028-m | B24: CONMEBOL men’s Olympic qualifying (format TBA) | C24: Football | D24: M | E24: CONMEBOL | H24: TBD | J24: UNANNOUNCED | M24: https://www.fifa.com/ | N24: https://en.wikipedia.org/wiki/Football_at_the_2028_Summer_Olympics_%E2%80%93_Men%27s_qualification | O24: FROM_WIKIPEDIA | P24: Awards 2 Olympic berths. CONMEBOL had not announced its men’s process as of Feb 2026. Placeholder so the 12 berths reconcile.
A25: ofc-olympic-qualifying-2028-m | B25: OFC men’s Olympic qualifying (format TBA) | C25: Football | D25: M | E25: OFC | H25: TBD | J25: UNANNOUNCED | M25: https://www.fifa.com/ | N25: https://en.wikipedia.org/wiki/Football_at_the_2028_Summer_Olympics_%E2%80%93_Men%27s_qualification | O25: FROM_WIKIPEDIA | P25: Awards 1 Olympic berth. Format not announced.
A26: afc-w-oqt-2028 | B26: 2028 AFC Women’s Olympic Qualifying Tournament | C26: Football | D26: W | E26: AFC | F26: 2027-04-19 | G26: 2028-03-04 | H26: CONFIRMED | I26: Multiple | J26: SCHEDULED | K26: 8 teams · two groups of four, league format | M26: https://www.fifa.com/ | N26: https://en.wikipedia.org/wiki/Football_at_the_2028_Summer_Olympics_%E2%80%93_Women%27s_qualification | O26: CONFLICTING_DATES | P26: Field fully known (the eight 2026 Asian Cup quarter-finalists): Australia, North Korea, China, Chinese Taipei, South Korea, Uzbekistan, Japan, Philippines. Group winners qualify for the Olympics; runners-up go to a play-off. 19 Apr 2027 - 4 Mar 2028. Group draw NOT yet made — the field being known is not the draw being made; do not fixture until drawn.
A27: afc-womens-asian-cup-2026 | B27: 2026 AFC Women’s Asian Cup | C27: Football | D27: W | E27: AFC | F27: 2026-03-01 | G27: 2026-03-21 | H27: CONFIRMED | I27: Perth / Gold Coast / Sydney | J27: COMPLETE | M27: https://www.fifa.com/ | N27: https://en.wikipedia.org/wiki/Football_at_the_2028_Summer_Olympics_%E2%80%93_Women%27s_qualification | O27: UNCONFIRMED | P27: Its eight quarter-finalists form the field for the 2028 AFC Women’s Olympic Qualifying Tournament. Reaching the quarter-finals is therefore the real Asian entry point. Dates not captured — fill in from AFC. Japan champions, Australia runners-up, China and South Korea losing semi-finalists. Remaining four quarter-finalists not yet identified.
A28: caf-w-oqt-2028-r1 | B28: 2028 CAF Women’s Olympic Qualifying — Round 1 | C28: Football | D28: W | E28: CAF | F28: 2026-06-01 | G28: 2026-06-09 | H28: CONFIRMED | I28: Multiple | J28: COMPLETE | K28: 6 teams · 3 two-legged ties | M28: https://www.fifa.com/ | N28: https://en.wikipedia.org/wiki/Football_at_the_2028_Summer_Olympics_%E2%80%93_Women%27s_qualification | O28: FROM_WIKIPEDIA | P28: 6 lowest-ranked teams by FIFA ranking in 3 two-legged ties: Comoros v Sudan (30-0 agg), Madagascar and Mauritius v South Sudan and Djibouti in an unsourced order (2-1 and 3-1 agg). Winners: Comoros, Madagascar, Mauritius — all advance to Round 2. 35 nations entered; all ties home-and-away. Round 1 of 5.
A29: caf-w-oqt-2028-r2 | B29: 2028 CAF Women’s Olympic Qualifying — Round 2 | C29: Football | D29: W | E29: CAF | F29: 2026-10-05 | G29: 2026-10-13 | H29: CONFIRMED | I29: Multiple | J29: SCHEDULED | K29: 32 teams · 16 two-legged ties | M29: https://www.fifa.com/ | N29: https://en.wikipedia.org/wiki/Football_at_the_2028_Summer_Olympics_%E2%80%93_Women%27s_qualification | O29: FROM_WIKIPEDIA | P29: 32 teams in 16 ties: the 3 first-round winners join the 29 teams that received byes — the byes include the 3 highest-ranked (Nigeria, South Africa, Ghana). 29 + 3 = 32. 16 winners advance. 35 nations entered; all ties home-and-away. Round 2 of 5. R2 pairings confirmed so far: Comoros v Nigeria. Madagascar and Mauritius face South Africa and Ghana in an unsourced order — full draw not resolved, so R2 stays unfixtured.
A30: caf-w-oqt-2028-r3 | B30: 2028 CAF Women’s Olympic Qualifying — Round 3 | C30: Football | D30: W | E30: CAF | F30: 2027-02-23 | G30: 2027-03-06 | H30: CONFIRMED | I30: Multiple | J30: SCHEDULED | K30: 16 teams · 8 two-legged ties | M30: https://www.fifa.com/ | N30: https://en.wikipedia.org/wiki/Football_at_the_2028_Summer_Olympics_%E2%80%93_Women%27s_qualification | O30: FROM_WIKIPEDIA | P30: 16 teams in 8 ties. 8 winners advance. 35 nations entered; all ties home-and-away. Round 3 of 5.
A31: caf-w-oqt-2028-r4 | B31: 2028 CAF Women’s Olympic Qualifying — Round 4 | C31: Football | D31: W | E31: CAF | F31: 2027-10-04 | G31: 2027-10-12 | H31: CONFIRMED | I31: Multiple | J31: SCHEDULED | K31: 8 teams · 4 two-legged ties | M31: https://www.fifa.com/ | N31: https://en.wikipedia.org/wiki/Football_at_the_2028_Summer_Olympics_%E2%80%93_Women%27s_qualification | O31: FROM_WIKIPEDIA | P31: 8 teams in 4 ties. 4 winners advance. 35 nations entered; all ties home-and-away. Round 4 of 5.
A32: caf-w-oqt-2028-r5 | B32: 2028 CAF Women’s Olympic Qualifying — Round 5 | C32: Football | D32: W | E32: CAF | F32: 2027-11-23 | G32: 2027-12-04 | H32: CONFIRMED | I32: Multiple | J32: SCHEDULED | K32: 4 teams · 2 two-legged ties | M32: https://www.fifa.com/ | N32: https://en.wikipedia.org/wiki/Football_at_the_2028_Summer_Olympics_%E2%80%93_Women%27s_qualification | O32: FROM_WIKIPEDIA | P32: Final 4 teams in 2 ties. The 2 winners take Africa’s Olympic places. 35 nations entered; all ties home-and-away. Round 5 of 5.
A33: concacaf-w-championship-2026 | B33: 2026 CONCACAF W Championship | C33: Football | D33: W | E33: CONCACAF | F33: 2026-11-27 | G33: 2026-12-05 | H33: CONFIRMED | I33: United States | J33: SCHEDULED | K33: Group stage, then semi-finals, third-place play-off and final | M33: https://www.fifa.com/ | N33: https://en.wikipedia.org/wiki/Football_at_the_2028_Summer_Olympics_%E2%80%93_Women%27s_qualification | O33: FROM_WIKIPEDIA | P33: Awards 3 Olympic berths: the two finalists plus the winner of the third-place match. CONDITIONAL VARIANT: if the USA (already in as host) reaches the semi-finals, the three other semi-finalists qualify instead. With the host place that makes 4 CONCACAF teams in total, double its 2024 representation.
A34: copa-america-femenina-2025 | B34: 2025 Copa América Femenina | C34: Football | D34: W | E34: CONMEBOL | F34: 2025-07-11 | G34: 2025-08-02 | H34: CONFIRMED | I34: Ecuador | J34: COMPLETE | K34: Group stage then knockout · concluded | M34: https://www.fifa.com/ | N34: https://en.wikipedia.org/wiki/Football_at_the_2028_Summer_Olympics_%E2%80%93_Women%27s_qualification | O34: FROM_WIKIPEDIA | P34: Brazil and Colombia qualified as finalists — before FIFA had even announced the slot allocation. The third-placed team goes to the AFC–CONMEBOL play-off. South America’s two direct places are settled and cannot change.
A35: ofc-w-oqt-2028 | B35: 2028 OFC Olympic Qualifying Tournament | C35: Football | D35: W | E35: OFC | H35: TBD | J35: UNANNOUNCED | M35: https://www.fifa.com/ | N35: https://en.wikipedia.org/wiki/Football_at_the_2028_Summer_Olympics_%E2%80%93_Women%27s_qualification | O35: FROM_WIKIPEDIA | P35: Awards 1 Olympic berth. Format still unannounced as of May 2026.
A36: uefa-wnl-2027 | B36: 2027 UEFA Women’s Nations League | C36: Football | D36: W | E36: UEFA | F36: 2027-03-01 | G36: 2027-11-30 | H36: APPROXIMATE | I36: Various | J36: SCHEDULED | M36: https://www.fifa.com/ | N36: https://en.wikipedia.org/wiki/Football_at_the_2028_Summer_Olympics_%E2%80%93_Women%27s_qualification | O36: UNCONFIRMED_MECHANISM | P36: Awards UEFA’s 4 Olympic berths (allocated 17 Dec 2025). League phase Mar–Jun 2027, finals Oct–Nov 2027. MECHANISM UNCONFIRMED: in the 2024 cycle the Nations League Finals — contested by the four League A group winners — decided the two Olympic places. Whether all four finalists now qualify, or the Finals are played off, is not confirmed in the sources checked.
A37: uefa-womens-european-qualifiers-2026 | B37: 2026 UEFA Women’s European Qualifiers | C37: Football | D37: W | E37: UEFA | F37: 2026-03-03 | G37: 2026-12-05 | H37: CONFIRMED | I37: Various | J37: IN_PROGRESS | M37: https://www.fifa.com/ | N37: https://en.wikipedia.org/wiki/Football_at_the_2028_Summer_Olympics_%E2%80%93_Women%27s_qualification | O37: FROM_WIKIPEDIA | P37: Primarily 2027 World Cup qualifying, but its final league rankings set the League A/B/C composition of the 2027 Nations League — and only League A group winners reach the Nations League Finals. Being in League A is therefore a precondition for the European Olympic route. An indirect qualifier two hops out.
A38: afc-conmebol-playoff-w | B38: AFC–CONMEBOL play-off | C38: Football | D38: W | E38: GLOBAL | H38: TBD | J38: UNANNOUNCED | K38: 2 teams · inter-confederation play-off | M38: https://www.fifa.com/ | N38: https://en.wikipedia.org/wiki/Football_at_the_2028_Summer_Olympics_%E2%80%93_Women%27s_qualification | O38: FROM_WIKIPEDIA | P38: Single berth decided between one AFC team and one CONMEBOL team. Announced by FIFA in Dec 2025 when both confederations were given 2.5 slots. Dates and format TBC.
A39: fiba-womens-afrobasket-2027 | B39: FIBA Women’s AfroBasket 2027 | C39: Basketball | D39: W | E39: FIBA Africa | F39: 2027-07-23 | G39: 2027-08-01 | H39: APPROXIMATE | J39: SCHEDULED | K39: Continental cup · group stage then knockout | M39: https://www.fiba.basketball/ | N39: D, G | O39: FROM_IOC_DOC | P39: The two best classified teams enter the FWOQT. Dates marked subject to change in the IOC document.
A40: fwbwc-qualifying-tournaments-2026 | B40: FIBA Women’s Basketball World Cup Qualifying Tournaments 2026 | C40: Basketball | D40: W | E40: GLOBAL | F40: 2026-03-11 | G40: 2026-03-17 | H40: CONFIRMED | J40: COMPLETE | K40: 24 teams · four tournaments of six, single round-robin | M40: https://www.fiba.basketball/ | N40: D, G | O40: UNCONFIRMED | P40: Hosts: Wuhan (China), Lyon-Villeurbanne (France), San Juan (Puerto Rico), Istanbul (Türkiye). 60 games, 11 World Cup places. Split point of the whole women's pathway: qualifiers went to the FWBWC 2026, the eight that did not went to the FWOPQT. Individual fixtures not captured.
A41: 2026-concacaf-u-20-championship | B41: 2026 Concacaf U-20 Championship | C41: Football | D41: M | E41: CONCACAF | F41: 2026-07-24 | G41: 2026-08-09 | J41: IN_PROGRESS | K41: 12 teams · groups, single round-robin
A42: 2026-fiba-women-s-basketball-world-cup | B42: 2026 FIBA Women's Basketball World Cup | C42: Basketball | D42: W | E42: GLOBAL | F42: 2026-09-04 | G42: 2026-09-13 | H42: CONFIRMED | J42: SCHEDULED | K42: 16 teams · groups, single round-robin | N42: D, G | O42: FROM_IOC_DOC | P42: Germany. The CHAMPION qualifies directly for LA28 — one team, not a placing range. If the champion is also the host, only that one team qualifies directly and the FWOQT awards 11 instead of 10.
A43: 2026-fiba-women-s-olympic-pre-qualifying-tournament | B43: 2026 FIBA Women's Olympic Pre-Qualifying Tournament | C43: Basketball | D43: W | E43: GLOBAL | F43: 2026-08-17 | G43: 2026-08-23 | H43: CONFIRMED | J43: SCHEDULED | K43: 8 teams · groups, single round-robin | N43: D, G | O43: FROM_IOC_DOC | P43: 8 teams: those that missed the FWBWC 2026 through the World Cup Qualifying Tournaments. Hosted by a participating NF. Only the top team advances to the FWOQT.
A44: 2027-fiba-basketball-world-cup | B44: 2027 FIBA Basketball World Cup | C44: Basketball | D44: M | E44: GLOBAL | F44: 2027-08-27 | G44: 2027-09-12 | H44: CONFIRMED | J44: SCHEDULED | K44: 32 teams · group stage then knockout | N44: D, G | O44: FROM_IOC_DOC | P44: Qatar. Does double duty: awards 7 Olympic places outright (Africa 1, Americas 2, Asia 1, Europe 2, Oceania 1, by final official classification) AND sends 19 more teams into the FOQT 2028 — 3 regional best-placed non-qualifiers plus the 16 best-placed non-qualifiers overall.
A45: 2027-fiba-basketball-world-cup-qualification-africa | B45: 2027 FIBA Basketball World Cup qualification (Africa) | C45: Basketball | D45: M | E45: FIBA Africa | F45: 2025-11-24 | G45: 2027-02-28 | H45: CONFIRMED | J45: IN_PROGRESS | K45: 12 teams · groups, home and away (double round-robin) | N45: D, G | O45: FROM_IOC_DOC | P45: Feeds the FBWC 2027, and separately supplies FOPQT entrants: teams reaching the second round but missing the World Cup go to the FOPQT. Africa has 6 FOPQT places. Only the second round is captured in Fixtures; the first round (windows 1-3: Nov 2025, Feb 2026, Jun-Jul 2026) is not entered. RESOLVED (2 Aug 2026): the second-round shape — 18 fixtures in late Aug 2026 and 18 in late Feb 2027, none in the November window — is correct as entered. FIBA: qualifiers are played home-and-away across six windows 'EXCEPT AFRICA, who play in tournament format to qualify for the FIBA Basketball World Cup 2027.' Africa centralises its second round into two tournament blocks; the Window 4/6 stage labels are the sheet's mapping onto FIBA's window numbering, and no fixtures are misdated.
A46: 2027-fiba-basketball-world-cup-qualification-americas | B46: 2027 FIBA Basketball World Cup qualification (Americas) | C46: Basketball | D46: M | E46: FIBA Americas | F46: 2025-11-24 | G46: 2027-03-01 | H46: CONFIRMED | J46: IN_PROGRESS | K46: 12 teams · groups, home and away (double round-robin) | N46: D, G | O46: FROM_IOC_DOC | P46: Feeds the FBWC 2027 and supplies FOPQT entrants. Americas has 6 FOPQT places. Only second-round windows 4-6 captured in Fixtures; windows 1-3 (Nov 2025, Feb 2026, Jun-Jul 2026) not entered.
A47: 2027-fiba-basketball-world-cup-qualification-asia | B47: 2027 FIBA Basketball World Cup qualification (Asia) | C47: Basketball | D47: M | E47: FIBA Asia | F47: 2025-11-24 | G47: 2027-03-01 | H47: CONFIRMED | J47: IN_PROGRESS | K47: 12 teams · groups, home and away (double round-robin) | N47: D, G | O47: FROM_IOC_DOC | P47: Feeds the FBWC 2027 and supplies FOPQT entrants. Asia including Oceania has 6 FOPQT places. Only second-round windows 4-6 captured in Fixtures; windows 1-3 (Nov 2025, Feb 2026, Jun-Jul 2026) not entered.
A48: 2027-fiba-basketball-world-cup-qualification-europe | B48: 2027 FIBA Basketball World Cup qualification (Europe) | C48: Basketball | D48: M | E48: FIBA Europe | F48: 2025-11-24 | G48: 2027-03-01 | H48: CONFIRMED | J48: IN_PROGRESS | K48: 24 teams · groups, home and away (double round-robin) | N48: D, G | O48: FROM_IOC_DOC | P48: Feeds the FBWC 2027 and supplies FOPQT entrants. Europe has 16 of the 34 FOPQT places. Only second-round windows 4-6 captured in Fixtures; windows 1-3 (Nov 2025, Feb 2026, Jun-Jul 2026) not entered.
A49: 2027-fiba-women-s-americup | B49: 2027 FIBA Women's AmeriCup | C49: Basketball | D49: W | E49: FIBA Americas | F49: 2027-07-03 | G49: 2027-07-11 | H49: CONFIRMED | J49: SCHEDULED | K49: Field or draw not yet determined | N49: D, G | O49: FROM_IOC_DOC | P49: Four best classified teams enter the FWOQT. Dates marked subject to change in the IOC document.
A50: 2027-fiba-women-s-asia-cup | B50: 2027 FIBA Women's Asia Cup | C50: Basketball | D50: W | E50: FIBA Asia | F50: 2027-07-11 | G50: 2027-07-18 | H50: CONFIRMED | J50: SCHEDULED | K50: Field or draw not yet determined | N50: D, G | O50: FROM_IOC_DOC | P50: Four best classified teams (Asia including Oceania) enter the FWOQT. Dates subject to change.
A51: 2028-fiba-men-s-olympic-qualifying-tournaments | B51: 2028 FIBA Men's Olympic Qualifying Tournaments | C51: Basketball | D51: M | E51: GLOBAL | F51: 2028-06-26 | G51: 2028-07-02 | H51: CONFIRMED | J51: SCHEDULED | K51: 24 teams · four tournaments of six, winner of each qualifies | N51: D, G | O51: FROM_IOC_DOC | P51: 24 teams in four tournaments of six, one per continent in principle. ONLY THE WINNER of each tournament qualifies — 4 places from 24 teams. Entries deadline for these four teams is 2 July 2028, six days after the general deadline.
A52: 2028-fiba-women-s-olympic-qualifying-tournaments | B52: 2028 FIBA Women's Olympic Qualifying Tournaments | C52: Basketball | D52: W | E52: GLOBAL | F52: 2028-02-10 | G52: 2028-02-13 | H52: CONFIRMED | J52: SCHEDULED | K52: 16 teams · four tournaments of four, top three in each qualify | N52: D, G | O52: FROM_IOC_DOC | P52: 16 teams in four tournaments of four. The top THREE in each qualify = 12 positions, but the host and the FWBWC 2026 winner are already among the 16, so the net gain is 10 places. Host and champion cannot be drawn in the same group.
A53: bangladeshi-cricket-team-in-south-africa-in-202627 | B53: Bangladeshi cricket team in South Africa in 2026–27 | C53: Cricket | D53: M | F53: 46366.458 | G53: 46369.312 | K53: Bilateral series · 3 matches between 2 nations | P53: VERIFY: prior-session prose gives the window as 15 Nov-13 Dec 2026 — likely the full multi-format tour (Tests + ODIs + T20Is); this row models the T20I leg only, which is the only part that accrues T20I ranking points. Verify against the official itinerary.
A54: cricket-at-the-2026-asian-games-men-s-tournament | B54: Cricket at the 2026 Asian Games – Men's tournament | C54: Cricket | D54: M | F54: 46289 | G54: 46289 | K54: Field or draw not yet determined | P54: VERIFY: start = end = 2026-09-24 is a placeholder. Prior-session prose says 19 Sep-4 Oct 2026 (Aichi-Nagoya) — but that is the window of the ENTIRE Asian Games, not the cricket tournament: the women's cricket fixtures (16-18 Sep) would predate a 19 Sep start, so the range was not adopted. Prose's own caveat — matches count only IF they carry T20I status, as at previous editions — means Olympic materiality is unresolved even once dates are known. Confirm the men's cricket schedule and T20I status from the official Asian Games programme.
A55: cricket-at-the-2026-asian-games-women-s-tournament | B55: Cricket at the 2026 Asian Games – Women's tournament | C55: Cricket | D55: W | F55: 2026-09-16 20:00:00 | G55: 2026-09-18 1:00:00 | K55: 8 teams · groups, single round-robin | O55: UNCONFIRMED | P55: VERIFY (prior-session research prose disagrees with this row's fixtures — the fixtures win until a primary source says otherwise): prose claims 17-22 Sep at Kōrogi Sports Park, straight knockout, seeded on the 23 Jul 2026 ICC rankings, field of India, Pakistan, Bangladesh, Nepal, UAE, Thailand, Malaysia, Japan. This row's four Group-stage fixtures (16-18 Sep) name India, Japan, Pakistan, Thailand, Malaysia, Sri Lanka, Bangladesh, China — the two sources disagree about WHO IS PLAYING. Check the official Asian Games schedule and replace whichever side is wrong.
A56: eurobasket-women-2027 | B56: EuroBasket Women 2027 | C56: Basketball | D56: W | E56: FIBA Europe | F56: 2027-06-16 | G56: 2027-06-27 | H56: CONFIRMED | J56: SCHEDULED | K56: Continental cup · group stage then knockout | N56: D, G | O56: FROM_IOC_DOC | P56: Belgium, Finland, Sweden, Lithuania. The six best classified teams enter the FWOQT — reduced to five if the FWOPQT winner is European.
A57: eurobasket-women-2027-qualification | B57: EuroBasket Women 2027 qualification | C57: Basketball | D57: W | E57: FIBA Europe | F57: 2026-11-01 | G57: 2027-02-28 | H57: TBD | J57: UNANNOUNCED | K57: Field or draw not yet determined | N57: D, G | O57: FROM_IOC_DOC | P57: Sets the EuroBasket Women 2027 field, which in turn supplies six FWOQT places. Three hops from a berth.
A58: fiba-eurobasket-2029-pre-qualifiers-second-round | B58: FIBA EuroBasket 2029 Pre-Qualifiers Second Round | C58: Basketball | D58: M | E58: FIBA Europe | F58: 2026-08-27 | G58: 2027-02-28 | H58: TBD | J58: SCHEDULED | K58: 12 teams · groups, home and away (double round-robin) | N58: D, G | O58: FROM_IOC_DOC | P58: 12 teams in four groups of three: the eight eliminated from the First Round of the WC 2027 European Qualifiers plus four from the Pre-Qualifiers First Round. Best-ranked team in each group advances to the EuroBasket 2029 Qualifiers. Windows: Aug 2026 (week 1: 27-30 Aug), Nov 2026, Feb 2027. NOT an Olympic tournament, but played by exactly the pool from which the 7 ranking-based FOPQT places are drawn — results here move the March 2027 FIBA ranking.
A59: fiba-olympic-pre-qualifying-tournament-2027-for-africa | B59: FIBA Olympic Pre-Qualifying Tournament 2027 for Africa | C59: Basketball | D59: M | E59: FIBA Africa | F59: 2027-08-14 | G59: 2027-08-22 | H59: CONFIRMED | J59: SCHEDULED | K59: 6 teams · format set by FIBA Central Board | N59: D, G | O59: FROM_IOC_DOC | P59: One of four regional FOPQTs. Africa sends 1 team on to the FOQT 2028. Format set by the FIBA Central Board.
A60: fiba-olympic-pre-qualifying-tournament-2027-for-americas | B60: FIBA Olympic Pre-Qualifying Tournament 2027 for Americas | C60: Basketball | D60: M | E60: FIBA Americas | F60: 2027-08-14 | G60: 2027-08-22 | H60: CONFIRMED | J60: SCHEDULED | K60: 6 teams · format set by FIBA Central Board | N60: D, G | O60: FROM_IOC_DOC | P60: Americas sends 1 team on to the FOQT 2028.
A61: fiba-olympic-pre-qualifying-tournament-2027-for-asia | B61: FIBA Olympic Pre-Qualifying Tournament 2027 for Asia | C61: Basketball | D61: M | E61: FIBA Asia | F61: 2027-08-14 | G61: 2027-08-22 | H61: CONFIRMED | J61: SCHEDULED | K61: 6 teams · format set by FIBA Central Board | N61: D, G | O61: FROM_IOC_DOC | P61: Asia including Oceania sends 1 team on to the FOQT 2028.
A62: fiba-women-s-afrobasket-2027-qualifiers | B62: FIBA Women's AfroBasket 2027 Qualifiers | C62: Basketball | D62: W | E62: FIBA Africa | F62: 2026-11-01 | G62: 2027-06-30 | H62: TBD | J62: UNANNOUNCED | K62: Field or draw not yet determined | N62: D, G | O62: FROM_IOC_DOC | P62: Sets the Women’s AfroBasket 2027 field, which supplies two FWOQT places.
A63: fiba-women-s-americup-2027-south-american-qualifier | B63: FIBA Women's AmeriCup 2027 South American Qualifier | C63: Basketball | D63: W | E63: FIBA Americas | F63: 2026-08-03 | G63: 2026-08-06 | H63: CONFIRMED | J63: SCHEDULED | K63: 7 teams · groups, single round-robin | N63: D, G | O63: FROM_IOC_DOC | P63: South American qualifier for the FIBA Women’s AmeriCup 2027, which supplies four FWOQT places.
A64: indian-cricket-team-in-bangladesh-in-2026 | B64: Indian cricket team in Bangladesh in 2026 | C64: Cricket | D64: M | F64: 46274 | G64: 46278 | K64: Bilateral series · 3 matches between 2 nations | P64: VERIFY: prior-session prose gives the window as 1-13 Sep 2026 — likely the full multi-format tour (Tests + ODIs + T20Is); this row models the T20I leg only, which is the only part that accrues T20I ranking points. Verify against the official itinerary.
A65: pakistan-women-s-cricket-team-in-sri-lanka-in-2026 | B65: Pakistan women's cricket team in Sri Lanka in 2026 | C65: Cricket | D65: W | F65: 46234.021 | G65: 46238.021 | K65: Bilateral series · 3 matches between 2 nations
A66: south-africa-women-s-cricket-team-in-zimbabwe-in-2026 | B66: South Africa women's cricket team in Zimbabwe in 2026 | C66: Cricket | D66: W | F66: 46276.312 | G66: 46284.312 | K66: Bilateral series · 5 matches between 2 nations | O66: UNCONFIRMED | P66: VERIFY (prose vs fixtures): prior-session research prose says 3 T20Is, 11-19 Sep 2026; this row has five fixtures ('Series match n of 5', 11-19 Sep) — the fixtures win until the official series announcement is checked. High leverage for Zimbabwe either way: rating points against a top-five side, inside the women's ranking window.
A67: sri-lankan-cricket-team-in-england-in-2026 | B67: Sri Lankan cricket team in England in 2026 | C67: Cricket | D67: M | F67: 46280.562 | G67: 46284.396 | K67: Bilateral series · 3 matches between 2 nations | P67: VERIFY: prior-session prose gives the window as 15-27 Sep 2026 — likely the full multi-format tour (Tests + ODIs + T20Is); this row models the T20I leg only, which is the only part that accrues T20I ranking points. Verify against the official itinerary.
A68: two-fiba-olympic-pre-qualifying-tournaments-2027-for-europe | B68: Two FIBA Olympic Pre-Qualifying Tournaments 2027 for Europe | C68: Basketball | D68: M | E68: FIBA Europe | F68: 2027-08-14 | G68: 2027-08-22 | H68: CONFIRMED | J68: SCHEDULED | K68: 16 European teams · two tournaments of 8 | N68: D, G | O68: FROM_IOC_DOC | P68: Europe runs TWO pre-qualifying tournaments and sends 2 teams on to the FOQT 2028 — 16 of the 34 FOPQT seats are European. Dates and field confirmed by FIBA: '16 teams in total (8 per tournament) from 14 to 22 August 2027.'
A69: west-indian-cricket-team-in-india-in-202627 | B69: West Indian cricket team in India in 2026–27 | C69: Cricket | D69: M | F69: 46301.396 | G69: 46312.396 | K69: Bilateral series · 5 matches between 2 nations | P69: VERIFY: prior-session prose gives the window as 27 Sep-17 Oct 2026 — likely the full multi-format tour (Tests + ODIs + T20Is); this row models the T20I leg only, which is the only part that accrues T20I ranking points. Verify against the official itinerary.
A70: uefa-u21-euro-2027-playoffs | B70: 2027 UEFA U21 Championship qualifying play-offs | C70: Football | D70: M | E70: UEFA | F70: 2026-11-09 | G70: 2026-11-17 | H70: CONFIRMED | I70: Various | J70: SCHEDULED | K70: 8 teams · four two-legged ties | M70: https://www.uefa.com/ | N70: UEFA 2026 calendar | O70: FROM_UEFA | P70: The eight group runners-up who did not take the best-runner-up place contest four two-legged ties for the final four places at the U21 Euro 2027. A missing node until now: a team can fail to win its group and still reach the tournament that awards three Olympic berths.
A71: icc-womens-emerging-nations-trophy-2026 | B71: ICC Women's Emerging Nations Trophy 2026 | C71: Cricket | D71: W | H71: TBD | J71: UNANNOUNCED | O71: UNCONFIRMED | P71: November 2026 per prior-session research prose (UNCONFIRMED — not a primary source). Verify dates, venue and field against the ICC announcement. Matches feed the women's T20I ranking inside the qualification window.
A72: 2026-27-womens-associate-t20i-series | B72: 2026-27 women's associate T20I series (umbrella) | C72: Cricket | D72: W | H72: TBD | J72: UNANNOUNCED | O72: UNCONFIRMED | P72: Tri- and quadrangular series expected from ~Oct 2026 — the main route for USA-, Nepal-, Thailand- and Scotland-tier sides to earn rating points and meet the eight-match ranking minimum. UNCONFIRMED umbrella row from prior-session research prose; split into individual series as schedules are announced.
A73: 2028-t20-world-cup-regional-finals-m | B73: 2028 T20 World Cup regional finals (umbrella) | C73: Cricket | D73: M | H73: TBD | J73: UNANNOUNCED | O73: UNCONFIRMED | P73: Umbrella for five regional finals with unpublished dates: Europe (Netherlands, Scotland, Italy), Africa (Namibia), Asia (Nepal, Oman, UAE), EAP (PNG), Americas (USA, Canada, Cayman Islands). Multi-match T20Is between bubble teams — the single biggest ranking event for the Netherlands/Scotland/Ireland fight IF any land before 31 Dec 2026; if they slip to 2027 they are Olympically irrelevant (last cycle's regional finals fell ~4-8 months before the World Cup). UNCONFIRMED, from prior-session research prose. Split into five rows the moment dates publish and any land inside the window.
A74: 2026-27-mens-associate-t20i-series | B74: 2026-27 men's associate T20I series (umbrella) | C74: Cricket | D74: M | H74: TBD | J74: UNANNOUNCED | O74: UNCONFIRMED | P74: Tri- and quadrangular series and tours expected from ~Oct 2026 — the main route for associate bubble sides (Netherlands, Scotland, Namibia, Nepal, UAE, Oman, Canada) to earn rating points. UNCONFIRMED umbrella row from prior-session research prose (mirror of the women's row); split into individual series as schedules are announced.
A75: fiba-olympic-pre-qualifying-tournaments-2027 | B75: FIBA Men's Olympic Pre-Qualifying Tournaments 2027 (allocation umbrella) | C75: Basketball | D75: M | E75: GLOBAL | F75: 2027-08-14 | G75: 2027-08-22 | H75: CONFIRMED | J75: SCHEDULED | K75: 34 teams · four tournaments (Africa 6, Americas 6, Asia 6, Europe 2×8) | P75: Allocation umbrella for the four regional FOPQTs — exists because the 7 ranking places are awarded across ALL four tournaments (not per region), so the ranking edge and cut-line fiba-m-fopqt-7 need a single target. Tournament-route entrants go directly to their regional FOPQT (bkb-013/016/019/022); only the ranking-allocated 7 pass through here, distributed to their region's tournament.

Sheet Links
A1: link_id | B1: from_id | C1: from_type | D1: to_id | E1: to_type | F1: relationship | G1: berths | H1: qualifiers | I1: criterion | J1: qualifiers_note | K1: entry_condition | L1: berth_math | M1: eligibility_note | N1: cascade_order | O1: gate_ranking_id | P1: source_ref | Q1: confidence | R1: notes | S1: cut_line_id | T1: check
A2: fen-001 | B2: fie-senior-team-world-cup | C2: COMPETITION | D2: fie-senior-team-ranking | E2: RANKING | F2: RANKING_POINTS | I2: Awards points to the Senior Team Ranking | N2: 0 | P2: D.1 | Q2: FROM_IOC_DOC | T2: =IF(AND(COUNTIF(Competitions!A:A,B2)+COUNTIF(Ranking_Systems!A:A,B2)+COUNTIF(Olympic_Events!A:A,B2)+IF(OR(B2="HOST_USA",B2="TRIPARTITE"),1,0)>0,COUNTIF(Competitions!A:A,D2)+COUNTIF(Ranking_Systems!A:A,D2)+COUNTIF(Olympic_Events!A:A,D2)>0),"OK","BROKEN") -> OK
A3: fen-002 | B3: fie-senior-team-world-championships | C3: COMPETITION | D3: fie-senior-team-ranking | E3: RANKING | F3: RANKING_POINTS | I3: Awards points to the Senior Team Ranking | N3: 0 | P3: D.1 | Q3: FROM_IOC_DOC | T3: =IF(AND(COUNTIF(Competitions!A:A,B3)+COUNTIF(Ranking_Systems!A:A,B3)+COUNTIF(Olympic_Events!A:A,B3)+IF(OR(B3="HOST_USA",B3="TRIPARTITE"),1,0)>0,COUNTIF(Competitions!A:A,D3)+COUNTIF(Ranking_Systems!A:A,D3)+COUNTIF(Olympic_Events!A:A,D3)>0),"OK","BROKEN") -> OK
A4: fen-003 | B4: fie-senior-team-continental-championships | C4: COMPETITION | D4: fie-senior-team-ranking | E4: RANKING | F4: RANKING_POINTS | I4: Awards points to the Senior Team Ranking | N4: 0 | P4: D.1 | Q4: FROM_IOC_DOC | T4: =IF(AND(COUNTIF(Competitions!A:A,B4)+COUNTIF(Ranking_Systems!A:A,B4)+COUNTIF(Olympic_Events!A:A,B4)+IF(OR(B4="HOST_USA",B4="TRIPARTITE"),1,0)>0,COUNTIF(Competitions!A:A,D4)+COUNTIF(Ranking_Systems!A:A,D4)+COUNTIF(Olympic_Events!A:A,D4)>0),"OK","BROKEN") -> OK
A5: fen-004 | B5: fie-individual-grand-prix | C5: COMPETITION | D5: fie-individual-senior-aor | E5: RANKING | F5: RANKING_POINTS | I5: Awards points to the Individual Official Ranking (AOR base) | N5: 0 | P5: D.2 | Q5: FROM_IOC_DOC | T5: =IF(AND(COUNTIF(Competitions!A:A,B5)+COUNTIF(Ranking_Systems!A:A,B5)+COUNTIF(Olympic_Events!A:A,B5)+IF(OR(B5="HOST_USA",B5="TRIPARTITE"),1,0)>0,COUNTIF(Competitions!A:A,D5)+COUNTIF(Ranking_Systems!A:A,D5)+COUNTIF(Olympic_Events!A:A,D5)>0),"OK","BROKEN") -> OK
A6: fen-005 | B6: fie-individual-senior-world-cup | C6: COMPETITION | D6: fie-individual-senior-aor | E6: RANKING | F6: RANKING_POINTS | I6: Awards points to the Individual Official Ranking (AOR base) | N6: 0 | P6: D.2 | Q6: FROM_IOC_DOC | T6: =IF(AND(COUNTIF(Competitions!A:A,B6)+COUNTIF(Ranking_Systems!A:A,B6)+COUNTIF(Olympic_Events!A:A,B6)+IF(OR(B6="HOST_USA",B6="TRIPARTITE"),1,0)>0,COUNTIF(Competitions!A:A,D6)+COUNTIF(Ranking_Systems!A:A,D6)+COUNTIF(Olympic_Events!A:A,D6)>0),"OK","BROKEN") -> OK
A7: fen-006 | B7: fie-satellite-competitions | C7: COMPETITION | D7: fie-individual-senior-aor | E7: RANKING | F7: RANKING_POINTS | I7: Awards points to the Individual Official Ranking (AOR base) | N7: 0 | P7: D.2 | Q7: FROM_IOC_DOC | T7: =IF(AND(COUNTIF(Competitions!A:A,B7)+COUNTIF(Ranking_Systems!A:A,B7)+COUNTIF(Olympic_Events!A:A,B7)+IF(OR(B7="HOST_USA",B7="TRIPARTITE"),1,0)>0,COUNTIF(Competitions!A:A,D7)+COUNTIF(Ranking_Systems!A:A,D7)+COUNTIF(Olympic_Events!A:A,D7)>0),"OK","BROKEN") -> OK
A8: fen-007 | B8: fie-individual-senior-world-championships | C8: COMPETITION | D8: fie-individual-senior-aor | E8: RANKING | F8: RANKING_POINTS | I8: Awards points to the Individual Official Ranking (AOR base) | N8: 0 | P8: D.2 | Q8: FROM_IOC_DOC | T8: =IF(AND(COUNTIF(Competitions!A:A,B8)+COUNTIF(Ranking_Systems!A:A,B8)+COUNTIF(Olympic_Events!A:A,B8)+IF(OR(B8="HOST_USA",B8="TRIPARTITE"),1,0)>0,COUNTIF(Competitions!A:A,D8)+COUNTIF(Ranking_Systems!A:A,D8)+COUNTIF(Olympic_Events!A:A,D8)>0),"OK","BROKEN") -> OK
A9: fen-008 | B9: fie-individual-senior-continental-championships | C9: COMPETITION | D9: fie-individual-senior-aor | E9: RANKING | F9: RANKING_POINTS | I9: Awards points to the Individual Official Ranking (AOR base) | N9: 0 | P9: D.2 | Q9: FROM_IOC_DOC | T9: =IF(AND(COUNTIF(Competitions!A:A,B9)+COUNTIF(Ranking_Systems!A:A,B9)+COUNTIF(Olympic_Events!A:A,B9)+IF(OR(B9="HOST_USA",B9="TRIPARTITE"),1,0)>0,COUNTIF(Competitions!A:A,D9)+COUNTIF(Ranking_Systems!A:A,D9)+COUNTIF(Olympic_Events!A:A,D9)>0),"OK","BROKEN") -> OK
A10: fen-009 | B10: fie-senior-team-ranking | C10: RANKING | D10: la28-fencing-team-foil-m | E10: OLYMPIC_EVENT | F10: RANKING_CUTOFF | G10: 4 | I10: Top 4 teams for this weapon in the FIE Senior Team Ranking of 1 Apr 2028, any zone | N10: 10 | P10: D.1 | Q10: FROM_IOC_DOC | T10: =IF(AND(COUNTIF(Competitions!A:A,B10)+COUNTIF(Ranking_Systems!A:A,B10)+COUNTIF(Olympic_Events!A:A,B10)+IF(OR(B10="HOST_USA",B10="TRIPARTITE"),1,0)>0,COUNTIF(Competitions!A:A,D10)+COUNTIF(Ranking_Systems!A:A,D10)+COUNTIF(Olympic_Events!A:A,D10)>0),"OK","BROKEN") -> OK
A11: fen-010 | B11: fie-senior-team-ranking | C11: RANKING | D11: la28-fencing-team-foil-m | E11: OLYMPIC_EVENT | F11: RANKING_CUTOFF_BY_ZONE | G11: 4 | I11: Highest-ranked team from each of the 4 FIE zones among ranks 5–24 | M11: If a zone has no team in ranks 5–24, the place goes to the next highest-ranked team overall, irrespective of zone. | N11: 20 | P11: D.1 | Q11: FROM_IOC_DOC | T11: =IF(AND(COUNTIF(Competitions!A:A,B11)+COUNTIF(Ranking_Systems!A:A,B11)+COUNTIF(Olympic_Events!A:A,B11)+IF(OR(B11="HOST_USA",B11="TRIPARTITE"),1,0)>0,COUNTIF(Competitions!A:A,D11)+COUNTIF(Ranking_Systems!A:A,D11)+COUNTIF(Olympic_Events!A:A,D11)>0),"OK","BROKEN") -> OK
A12: fen-011 | B12: fie-individual-senior-aor | C12: RANKING | D12: la28-fencing-ind-foil-m | E12: OLYMPIC_EVENT | F12: RANKING_CUTOFF | G12: 2 | I12: Top 2 eligible athletes in the Individual Senior AOR | L12: 10 individual places per weapon, but the 24 team-qualified athletes also compete in the individual event without holding one of these 10. The individual field is 34–37 while the individual quota is 10. | M12: Max 1 athlete per NOC per weapon. AOR already excludes NOCs qualified via team. | N12: 30 | P12: D.2 | Q12: FROM_IOC_DOC | T12: =IF(AND(COUNTIF(Competitions!A:A,B12)+COUNTIF(Ranking_Systems!A:A,B12)+COUNTIF(Olympic_Events!A:A,B12)+IF(OR(B12="HOST_USA",B12="TRIPARTITE"),1,0)>0,COUNTIF(Competitions!A:A,D12)+COUNTIF(Ranking_Systems!A:A,D12)+COUNTIF(Olympic_Events!A:A,D12)>0),"OK","BROKEN") -> OK
A13: fen-012 | B13: fie-individual-senior-aor | C13: RANKING | D13: la28-fencing-ind-foil-m | E13: OLYMPIC_EVENT | F13: RANKING_CUTOFF_BY_ZONE | G13: 4 | I13: Highest-ranked eligible athlete from each of the 4 zones in the AOR by zone | K13: Only if your NOC has NOT already qualified in this weapon at an earlier cascade stage. | L13: 10 individual places per weapon, but the 24 team-qualified athletes also compete in the individual event without holding one of these 10. The individual field is 34–37 while the individual quota is 10. | M13: Open ONLY to NOCs with no athlete qualified for this weapon via team qualification or the Individual Senior AOR. Max 1 per NOC per weapon. | N13: 40 | P13: D.2 | Q13: FROM_IOC_DOC | T13: =IF(AND(COUNTIF(Competitions!A:A,B13)+COUNTIF(Ranking_Systems!A:A,B13)+COUNTIF(Olympic_Events!A:A,B13)+IF(OR(B13="HOST_USA",B13="TRIPARTITE"),1,0)>0,COUNTIF(Competitions!A:A,D13)+COUNTIF(Ranking_Systems!A:A,D13)+COUNTIF(Olympic_Events!A:A,D13)>0),"OK","BROKEN") -> OK
A14: fen-013 | B14: fie-zonal-qualifying-europe | C14: COMPETITION | D14: la28-fencing-ind-foil-m | E14: OLYMPIC_EVENT | F14: PLACING_ELIGIBLE | G14: 1 | I14: Winner from the Europe zonal qualifying event | K14: Only if your NOC has NOT already qualified in this weapon at an earlier cascade stage. | M14: Open ONLY to NOCs with no athlete qualified for this weapon via team qualification, the Individual Senior AOR, or the AOR by zone. Max 1 per NOC per weapon. | N14: 50 | P14: D.2 | Q14: FROM_IOC_DOC | T14: =IF(AND(COUNTIF(Competitions!A:A,B14)+COUNTIF(Ranking_Systems!A:A,B14)+COUNTIF(Olympic_Events!A:A,B14)+IF(OR(B14="HOST_USA",B14="TRIPARTITE"),1,0)>0,COUNTIF(Competitions!A:A,D14)+COUNTIF(Ranking_Systems!A:A,D14)+COUNTIF(Olympic_Events!A:A,D14)>0),"OK","BROKEN") -> OK
A15: fen-014 | B15: fie-zonal-qualifying-asia-oceania | C15: COMPETITION | D15: la28-fencing-ind-foil-m | E15: OLYMPIC_EVENT | F15: PLACING_ELIGIBLE | G15: 1 | I15: Winner from the Asia-Oceania zonal qualifying event | K15: Only if your NOC has NOT already qualified in this weapon at an earlier cascade stage. | M15: Open ONLY to NOCs with no athlete qualified for this weapon via team qualification, the Individual Senior AOR, or the AOR by zone. Max 1 per NOC per weapon. | N15: 50 | P15: D.2 | Q15: FROM_IOC_DOC | T15: =IF(AND(COUNTIF(Competitions!A:A,B15)+COUNTIF(Ranking_Systems!A:A,B15)+COUNTIF(Olympic_Events!A:A,B15)+IF(OR(B15="HOST_USA",B15="TRIPARTITE"),1,0)>0,COUNTIF(Competitions!A:A,D15)+COUNTIF(Ranking_Systems!A:A,D15)+COUNTIF(Olympic_Events!A:A,D15)>0),"OK","BROKEN") -> OK
A16: fen-015 | B16: fie-zonal-qualifying-americas | C16: COMPETITION | D16: la28-fencing-ind-foil-m | E16: OLYMPIC_EVENT | F16: PLACING_ELIGIBLE | G16: 1 | I16: Winner from the the Americas zonal qualifying event | K16: Only if your NOC has NOT already qualified in this weapon at an earlier cascade stage. | M16: Open ONLY to NOCs with no athlete qualified for this weapon via team qualification, the Individual Senior AOR, or the AOR by zone. Max 1 per NOC per weapon. | N16: 50 | P16: D.2 | Q16: FROM_IOC_DOC | T16: =IF(AND(COUNTIF(Competitions!A:A,B16)+COUNTIF(Ranking_Systems!A:A,B16)+COUNTIF(Olympic_Events!A:A,B16)+IF(OR(B16="HOST_USA",B16="TRIPARTITE"),1,0)>0,COUNTIF(Competitions!A:A,D16)+COUNTIF(Ranking_Systems!A:A,D16)+COUNTIF(Olympic_Events!A:A,D16)>0),"OK","BROKEN") -> OK
A17: fen-016 | B17: fie-zonal-qualifying-africa | C17: COMPETITION | D17: la28-fencing-ind-foil-m | E17: OLYMPIC_EVENT | F17: PLACING_ELIGIBLE | G17: 1 | I17: Winner from the Africa zonal qualifying event | K17: Only if your NOC has NOT already qualified in this weapon at an earlier cascade stage. | M17: Open ONLY to NOCs with no athlete qualified for this weapon via team qualification, the Individual Senior AOR, or the AOR by zone. Max 1 per NOC per weapon. | N17: 50 | P17: D.2 | Q17: FROM_IOC_DOC | T17: =IF(AND(COUNTIF(Competitions!A:A,B17)+COUNTIF(Ranking_Systems!A:A,B17)+COUNTIF(Olympic_Events!A:A,B17)+IF(OR(B17="HOST_USA",B17="TRIPARTITE"),1,0)>0,COUNTIF(Competitions!A:A,D17)+COUNTIF(Ranking_Systems!A:A,D17)+COUNTIF(Olympic_Events!A:A,D17)>0),"OK","BROKEN") -> OK
A18: fen-017 | B18: fie-senior-team-ranking | C18: RANKING | D18: la28-fencing-team-epee-m | E18: OLYMPIC_EVENT | F18: RANKING_CUTOFF | G18: 4 | I18: Top 4 teams for this weapon in the FIE Senior Team Ranking of 1 Apr 2028, any zone | N18: 10 | P18: D.1 | Q18: FROM_IOC_DOC | T18: =IF(AND(COUNTIF(Competitions!A:A,B18)+COUNTIF(Ranking_Systems!A:A,B18)+COUNTIF(Olympic_Events!A:A,B18)+IF(OR(B18="HOST_USA",B18="TRIPARTITE"),1,0)>0,COUNTIF(Competitions!A:A,D18)+COUNTIF(Ranking_Systems!A:A,D18)+COUNTIF(Olympic_Events!A:A,D18)>0),"OK","BROKEN") -> OK
A19: fen-018 | B19: fie-senior-team-ranking | C19: RANKING | D19: la28-fencing-team-epee-m | E19: OLYMPIC_EVENT | F19: RANKING_CUTOFF_BY_ZONE | G19: 4 | I19: Highest-ranked team from each of the 4 FIE zones among ranks 5–24 | M19: If a zone has no team in ranks 5–24, the place goes to the next highest-ranked team overall, irrespective of zone. | N19: 20 | P19: D.1 | Q19: FROM_IOC_DOC | T19: =IF(AND(COUNTIF(Competitions!A:A,B19)+COUNTIF(Ranking_Systems!A:A,B19)+COUNTIF(Olympic_Events!A:A,B19)+IF(OR(B19="HOST_USA",B19="TRIPARTITE"),1,0)>0,COUNTIF(Competitions!A:A,D19)+COUNTIF(Ranking_Systems!A:A,D19)+COUNTIF(Olympic_Events!A:A,D19)>0),"OK","BROKEN") -> OK
A20: fen-019 | B20: fie-individual-senior-aor | C20: RANKING | D20: la28-fencing-ind-epee-m | E20: OLYMPIC_EVENT | F20: RANKING_CUTOFF | G20: 2 | I20: Top 2 eligible athletes in the Individual Senior AOR | L20: 10 individual places per weapon, but the 24 team-qualified athletes also compete in the individual event without holding one of these 10. The individual field is 34–37 while the individual quota is 10. | M20: Max 1 athlete per NOC per weapon. AOR already excludes NOCs qualified via team. | N20: 30 | P20: D.2 | Q20: FROM_IOC_DOC | T20: =IF(AND(COUNTIF(Competitions!A:A,B20)+COUNTIF(Ranking_Systems!A:A,B20)+COUNTIF(Olympic_Events!A:A,B20)+IF(OR(B20="HOST_USA",B20="TRIPARTITE"),1,0)>0,COUNTIF(Competitions!A:A,D20)+COUNTIF(Ranking_Systems!A:A,D20)+COUNTIF(Olympic_Events!A:A,D20)>0),"OK","BROKEN") -> OK
A21: fen-020 | B21: fie-individual-senior-aor | C21: RANKING | D21: la28-fencing-ind-epee-m | E21: OLYMPIC_EVENT | F21: RANKING_CUTOFF_BY_ZONE | G21: 4 | I21: Highest-ranked eligible athlete from each of the 4 zones in the AOR by zone | K21: Only if your NOC has NOT already qualified in this weapon at an earlier cascade stage. | L21: 10 individual places per weapon, but the 24 team-qualified athletes also compete in the individual event without holding one of these 10. The individual field is 34–37 while the individual quota is 10. | M21: Open ONLY to NOCs with no athlete qualified for this weapon via team qualification or the Individual Senior AOR. Max 1 per NOC per weapon. | N21: 40 | P21: D.2 | Q21: FROM_IOC_DOC | T21: =IF(AND(COUNTIF(Competitions!A:A,B21)+COUNTIF(Ranking_Systems!A:A,B21)+COUNTIF(Olympic_Events!A:A,B21)+IF(OR(B21="HOST_USA",B21="TRIPARTITE"),1,0)>0,COUNTIF(Competitions!A:A,D21)+COUNTIF(Ranking_Systems!A:A,D21)+COUNTIF(Olympic_Events!A:A,D21)>0),"OK","BROKEN") -> OK
A22: fen-021 | B22: fie-zonal-qualifying-europe | C22: COMPETITION | D22: la28-fencing-ind-epee-m | E22: OLYMPIC_EVENT | F22: PLACING_ELIGIBLE | G22: 1 | I22: Winner from the Europe zonal qualifying event | K22: Only if your NOC has NOT already qualified in this weapon at an earlier cascade stage. | M22: Open ONLY to NOCs with no athlete qualified for this weapon via team qualification, the Individual Senior AOR, or the AOR by zone. Max 1 per NOC per weapon. | N22: 50 | P22: D.2 | Q22: FROM_IOC_DOC | T22: =IF(AND(COUNTIF(Competitions!A:A,B22)+COUNTIF(Ranking_Systems!A:A,B22)+COUNTIF(Olympic_Events!A:A,B22)+IF(OR(B22="HOST_USA",B22="TRIPARTITE"),1,0)>0,COUNTIF(Competitions!A:A,D22)+COUNTIF(Ranking_Systems!A:A,D22)+COUNTIF(Olympic_Events!A:A,D22)>0),"OK","BROKEN") -> OK
A23: fen-022 | B23: fie-zonal-qualifying-asia-oceania | C23: COMPETITION | D23: la28-fencing-ind-epee-m | E23: OLYMPIC_EVENT | F23: PLACING_ELIGIBLE | G23: 1 | I23: Winner from the Asia-Oceania zonal qualifying event | K23: Only if your NOC has NOT already qualified in this weapon at an earlier cascade stage. | M23: Open ONLY to NOCs with no athlete qualified for this weapon via team qualification, the Individual Senior AOR, or the AOR by zone. Max 1 per NOC per weapon. | N23: 50 | P23: D.2 | Q23: FROM_IOC_DOC | T23: =IF(AND(COUNTIF(Competitions!A:A,B23)+COUNTIF(Ranking_Systems!A:A,B23)+COUNTIF(Olympic_Events!A:A,B23)+IF(OR(B23="HOST_USA",B23="TRIPARTITE"),1,0)>0,COUNTIF(Competitions!A:A,D23)+COUNTIF(Ranking_Systems!A:A,D23)+COUNTIF(Olympic_Events!A:A,D23)>0),"OK","BROKEN") -> OK
A24: fen-023 | B24: fie-zonal-qualifying-americas | C24: COMPETITION | D24: la28-fencing-ind-epee-m | E24: OLYMPIC_EVENT | F24: PLACING_ELIGIBLE | G24: 1 | I24: Winner from the the Americas zonal qualifying event | K24: Only if your NOC has NOT already qualified in this weapon at an earlier cascade stage. | M24: Open ONLY to NOCs with no athlete qualified for this weapon via team qualification, the Individual Senior AOR, or the AOR by zone. Max 1 per NOC per weapon. | N24: 50 | P24: D.2 | Q24: FROM_IOC_DOC | T24: =IF(AND(COUNTIF(Competitions!A:A,B24)+COUNTIF(Ranking_Systems!A:A,B24)+COUNTIF(Olympic_Events!A:A,B24)+IF(OR(B24="HOST_USA",B24="TRIPARTITE"),1,0)>0,COUNTIF(Competitions!A:A,D24)+COUNTIF(Ranking_Systems!A:A,D24)+COUNTIF(Olympic_Events!A:A,D24)>0),"OK","BROKEN") -> OK
A25: fen-024 | B25: fie-zonal-qualifying-africa | C25: COMPETITION | D25: la28-fencing-ind-epee-m | E25: OLYMPIC_EVENT | F25: PLACING_ELIGIBLE | G25: 1 | I25: Winner from the Africa zonal qualifying event | K25: Only if your NOC has NOT already qualified in this weapon at an earlier cascade stage. | M25: Open ONLY to NOCs with no athlete qualified for this weapon via team qualification, the Individual Senior AOR, or the AOR by zone. Max 1 per NOC per weapon. | N25: 50 | P25: D.2 | Q25: FROM_IOC_DOC | T25: =IF(AND(COUNTIF(Competitions!A:A,B25)+COUNTIF(Ranking_Systems!A:A,B25)+COUNTIF(Olympic_Events!A:A,B25)+IF(OR(B25="HOST_USA",B25="TRIPARTITE"),1,0)>0,COUNTIF(Competitions!A:A,D25)+COUNTIF(Ranking_Systems!A:A,D25)+COUNTIF(Olympic_Events!A:A,D25)>0),"OK","BROKEN") -> OK
A26: fen-025 | B26: fie-senior-team-ranking | C26: RANKING | D26: la28-fencing-team-sabre-m | E26: OLYMPIC_EVENT | F26: RANKING_CUTOFF | G26: 4 | I26: Top 4 teams for this weapon in the FIE Senior Team Ranking of 1 Apr 2028, any zone | N26: 10 | P26: D.1 | Q26: FROM_IOC_DOC | T26: =IF(AND(COUNTIF(Competitions!A:A,B26)+COUNTIF(Ranking_Systems!A:A,B26)+COUNTIF(Olympic_Events!A:A,B26)+IF(OR(B26="HOST_USA",B26="TRIPARTITE"),1,0)>0,COUNTIF(Competitions!A:A,D26)+COUNTIF(Ranking_Systems!A:A,D26)+COUNTIF(Olympic_Events!A:A,D26)>0),"OK","BROKEN") -> OK
A27: fen-026 | B27: fie-senior-team-ranking | C27: RANKING | D27: la28-fencing-team-sabre-m | E27: OLYMPIC_EVENT | F27: RANKING_CUTOFF_BY_ZONE | G27: 4 | I27: Highest-ranked team from each of the 4 FIE zones among ranks 5–24 | M27: If a zone has no team in ranks 5–24, the place goes to the next highest-ranked team overall, irrespective of zone. | N27: 20 | P27: D.1 | Q27: FROM_IOC_DOC | T27: =IF(AND(COUNTIF(Competitions!A:A,B27)+COUNTIF(Ranking_Systems!A:A,B27)+COUNTIF(Olympic_Events!A:A,B27)+IF(OR(B27="HOST_USA",B27="TRIPARTITE"),1,0)>0,COUNTIF(Competitions!A:A,D27)+COUNTIF(Ranking_Systems!A:A,D27)+COUNTIF(Olympic_Events!A:A,D27)>0),"OK","BROKEN") -> OK
A28: fen-027 | B28: fie-individual-senior-aor | C28: RANKING | D28: la28-fencing-ind-sabre-m | E28: OLYMPIC_EVENT | F28: RANKING_CUTOFF | G28: 2 | I28: Top 2 eligible athletes in the Individual Senior AOR | L28: 10 individual places per weapon, but the 24 team-qualified athletes also compete in the individual event without holding one of these 10. The individual field is 34–37 while the individual quota is 10. | M28: Max 1 athlete per NOC per weapon. AOR already excludes NOCs qualified via team. | N28: 30 | P28: D.2 | Q28: FROM_IOC_DOC | T28: =IF(AND(COUNTIF(Competitions!A:A,B28)+COUNTIF(Ranking_Systems!A:A,B28)+COUNTIF(Olympic_Events!A:A,B28)+IF(OR(B28="HOST_USA",B28="TRIPARTITE"),1,0)>0,COUNTIF(Competitions!A:A,D28)+COUNTIF(Ranking_Systems!A:A,D28)+COUNTIF(Olympic_Events!A:A,D28)>0),"OK","BROKEN") -> OK
A29: fen-028 | B29: fie-individual-senior-aor | C29: RANKING | D29: la28-fencing-ind-sabre-m | E29: OLYMPIC_EVENT | F29: RANKING_CUTOFF_BY_ZONE | G29: 4 | I29: Highest-ranked eligible athlete from each of the 4 zones in the AOR by zone | K29: Only if your NOC has NOT already qualified in this weapon at an earlier cascade stage. | L29: 10 individual places per weapon, but the 24 team-qualified athletes also compete in the individual event without holding one of these 10. The individual field is 34–37 while the individual quota is 10. | M29: Open ONLY to NOCs with no athlete qualified for this weapon via team qualification or the Individual Senior AOR. Max 1 per NOC per weapon. | N29: 40 | P29: D.2 | Q29: FROM_IOC_DOC | T29: =IF(AND(COUNTIF(Competitions!A:A,B29)+COUNTIF(Ranking_Systems!A:A,B29)+COUNTIF(Olympic_Events!A:A,B29)+IF(OR(B29="HOST_USA",B29="TRIPARTITE"),1,0)>0,COUNTIF(Competitions!A:A,D29)+COUNTIF(Ranking_Systems!A:A,D29)+COUNTIF(Olympic_Events!A:A,D29)>0),"OK","BROKEN") -> OK
A30: fen-029 | B30: fie-zonal-qualifying-europe | C30: COMPETITION | D30: la28-fencing-ind-sabre-m | E30: OLYMPIC_EVENT | F30: PLACING_ELIGIBLE | G30: 1 | I30: Winner from the Europe zonal qualifying event | K30: Only if your NOC has NOT already qualified in this weapon at an earlier cascade stage. | M30: Open ONLY to NOCs with no athlete qualified for this weapon via team qualification, the Individual Senior AOR, or the AOR by zone. Max 1 per NOC per weapon. | N30: 50 | P30: D.2 | Q30: FROM_IOC_DOC | T30: =IF(AND(COUNTIF(Competitions!A:A,B30)+COUNTIF(Ranking_Systems!A:A,B30)+COUNTIF(Olympic_Events!A:A,B30)+IF(OR(B30="HOST_USA",B30="TRIPARTITE"),1,0)>0,COUNTIF(Competitions!A:A,D30)+COUNTIF(Ranking_Systems!A:A,D30)+COUNTIF(Olympic_Events!A:A,D30)>0),"OK","BROKEN") -> OK
A31: fen-030 | B31: fie-zonal-qualifying-asia-oceania | C31: COMPETITION | D31: la28-fencing-ind-sabre-m | E31: OLYMPIC_EVENT | F31: PLACING_ELIGIBLE | G31: 1 | I31: Winner from the Asia-Oceania zonal qualifying event | K31: Only if your NOC has NOT already qualified in this weapon at an earlier cascade stage. | M31: Open ONLY to NOCs with no athlete qualified for this weapon via team qualification, the Individual Senior AOR, or the AOR by zone. Max 1 per NOC per weapon. | N31: 50 | P31: D.2 | Q31: FROM_IOC_DOC | T31: =IF(AND(COUNTIF(Competitions!A:A,B31)+COUNTIF(Ranking_Systems!A:A,B31)+COUNTIF(Olympic_Events!A:A,B31)+IF(OR(B31="HOST_USA",B31="TRIPARTITE"),1,0)>0,COUNTIF(Competitions!A:A,D31)+COUNTIF(Ranking_Systems!A:A,D31)+COUNTIF(Olympic_Events!A:A,D31)>0),"OK","BROKEN") -> OK
A32: fen-031 | B32: fie-zonal-qualifying-americas | C32: COMPETITION | D32: la28-fencing-ind-sabre-m | E32: OLYMPIC_EVENT | F32: PLACING_ELIGIBLE | G32: 1 | I32: Winner from the the Americas zonal qualifying event | K32: Only if your NOC has NOT already qualified in this weapon at an earlier cascade stage. | M32: Open ONLY to NOCs with no athlete qualified for this weapon via team qualification, the Individual Senior AOR, or the AOR by zone. Max 1 per NOC per weapon. | N32: 50 | P32: D.2 | Q32: FROM_IOC_DOC | T32: =IF(AND(COUNTIF(Competitions!A:A,B32)+COUNTIF(Ranking_Systems!A:A,B32)+COUNTIF(Olympic_Events!A:A,B32)+IF(OR(B32="HOST_USA",B32="TRIPARTITE"),1,0)>0,COUNTIF(Competitions!A:A,D32)+COUNTIF(Ranking_Systems!A:A,D32)+COUNTIF(Olympic_Events!A:A,D32)>0),"OK","BROKEN") -> OK
A33: fen-032 | B33: fie-zonal-qualifying-africa | C33: COMPETITION | D33: la28-fencing-ind-sabre-m | E33: OLYMPIC_EVENT | F33: PLACING_ELIGIBLE | G33: 1 | I33: Winner from the Africa zonal qualifying event | K33: Only if your NOC has NOT already qualified in this weapon at an earlier cascade stage. | M33: Open ONLY to NOCs with no athlete qualified for this weapon via team qualification, the Individual Senior AOR, or the AOR by zone. Max 1 per NOC per weapon. | N33: 50 | P33: D.2 | Q33: FROM_IOC_DOC | T33: =IF(AND(COUNTIF(Competitions!A:A,B33)+COUNTIF(Ranking_Systems!A:A,B33)+COUNTIF(Olympic_Events!A:A,B33)+IF(OR(B33="HOST_USA",B33="TRIPARTITE"),1,0)>0,COUNTIF(Competitions!A:A,D33)+COUNTIF(Ranking_Systems!A:A,D33)+COUNTIF(Olympic_Events!A:A,D33)>0),"OK","BROKEN") -> OK
A34: fen-033 | B34: fie-senior-team-ranking | C34: RANKING | D34: la28-fencing-team-foil-w | E34: OLYMPIC_EVENT | F34: RANKING_CUTOFF | G34: 4 | I34: Top 4 teams for this weapon in the FIE Senior Team Ranking of 1 Apr 2028, any zone | N34: 10 | P34: D.1 | Q34: FROM_IOC_DOC | T34: =IF(AND(COUNTIF(Competitions!A:A,B34)+COUNTIF(Ranking_Systems!A:A,B34)+COUNTIF(Olympic_Events!A:A,B34)+IF(OR(B34="HOST_USA",B34="TRIPARTITE"),1,0)>0,COUNTIF(Competitions!A:A,D34)+COUNTIF(Ranking_Systems!A:A,D34)+COUNTIF(Olympic_Events!A:A,D34)>0),"OK","BROKEN") -> OK
A35: fen-034 | B35: fie-senior-team-ranking | C35: RANKING | D35: la28-fencing-team-foil-w | E35: OLYMPIC_EVENT | F35: RANKING_CUTOFF_BY_ZONE | G35: 4 | I35: Highest-ranked team from each of the 4 FIE zones among ranks 5–24 | M35: If a zone has no team in ranks 5–24, the place goes to the next highest-ranked team overall, irrespective of zone. | N35: 20 | P35: D.1 | Q35: FROM_IOC_DOC | T35: =IF(AND(COUNTIF(Competitions!A:A,B35)+COUNTIF(Ranking_Systems!A:A,B35)+COUNTIF(Olympic_Events!A:A,B35)+IF(OR(B35="HOST_USA",B35="TRIPARTITE"),1,0)>0,COUNTIF(Competitions!A:A,D35)+COUNTIF(Ranking_Systems!A:A,D35)+COUNTIF(Olympic_Events!A:A,D35)>0),"OK","BROKEN") -> OK
A36: fen-035 | B36: fie-individual-senior-aor | C36: RANKING | D36: la28-fencing-ind-foil-w | E36: OLYMPIC_EVENT | F36: RANKING_CUTOFF | G36: 2 | I36: Top 2 eligible athletes in the Individual Senior AOR | L36: 10 individual places per weapon, but the 24 team-qualified athletes also compete in the individual event without holding one of these 10. The individual field is 34–37 while the individual quota is 10. | M36: Max 1 athlete per NOC per weapon. AOR already excludes NOCs qualified via team. | N36: 30 | P36: D.2 | Q36: FROM_IOC_DOC | T36: =IF(AND(COUNTIF(Competitions!A:A,B36)+COUNTIF(Ranking_Systems!A:A,B36)+COUNTIF(Olympic_Events!A:A,B36)+IF(OR(B36="HOST_USA",B36="TRIPARTITE"),1,0)>0,COUNTIF(Competitions!A:A,D36)+COUNTIF(Ranking_Systems!A:A,D36)+COUNTIF(Olympic_Events!A:A,D36)>0),"OK","BROKEN") -> OK
A37: fen-036 | B37: fie-individual-senior-aor | C37: RANKING | D37: la28-fencing-ind-foil-w | E37: OLYMPIC_EVENT | F37: RANKING_CUTOFF_BY_ZONE | G37: 4 | I37: Highest-ranked eligible athlete from each of the 4 zones in the AOR by zone | K37: Only if your NOC has NOT already qualified in this weapon at an earlier cascade stage. | L37: 10 individual places per weapon, but the 24 team-qualified athletes also compete in the individual event without holding one of these 10. The individual field is 34–37 while the individual quota is 10. | M37: Open ONLY to NOCs with no athlete qualified for this weapon via team qualification or the Individual Senior AOR. Max 1 per NOC per weapon. | N37: 40 | P37: D.2 | Q37: FROM_IOC_DOC | T37: =IF(AND(COUNTIF(Competitions!A:A,B37)+COUNTIF(Ranking_Systems!A:A,B37)+COUNTIF(Olympic_Events!A:A,B37)+IF(OR(B37="HOST_USA",B37="TRIPARTITE"),1,0)>0,COUNTIF(Competitions!A:A,D37)+COUNTIF(Ranking_Systems!A:A,D37)+COUNTIF(Olympic_Events!A:A,D37)>0),"OK","BROKEN") -> OK
A38: fen-037 | B38: fie-zonal-qualifying-europe | C38: COMPETITION | D38: la28-fencing-ind-foil-w | E38: OLYMPIC_EVENT | F38: PLACING_ELIGIBLE | G38: 1 | I38: Winner from the Europe zonal qualifying event | K38: Only if your NOC has NOT already qualified in this weapon at an earlier cascade stage. | M38: Open ONLY to NOCs with no athlete qualified for this weapon via team qualification, the Individual Senior AOR, or the AOR by zone. Max 1 per NOC per weapon. | N38: 50 | P38: D.2 | Q38: FROM_IOC_DOC | T38: =IF(AND(COUNTIF(Competitions!A:A,B38)+COUNTIF(Ranking_Systems!A:A,B38)+COUNTIF(Olympic_Events!A:A,B38)+IF(OR(B38="HOST_USA",B38="TRIPARTITE"),1,0)>0,COUNTIF(Competitions!A:A,D38)+COUNTIF(Ranking_Systems!A:A,D38)+COUNTIF(Olympic_Events!A:A,D38)>0),"OK","BROKEN") -> OK
A39: fen-038 | B39: fie-zonal-qualifying-asia-oceania | C39: COMPETITION | D39: la28-fencing-ind-foil-w | E39: OLYMPIC_EVENT | F39: PLACING_ELIGIBLE | G39: 1 | I39: Winner from the Asia-Oceania zonal qualifying event | K39: Only if your NOC has NOT already qualified in this weapon at an earlier cascade stage. | M39: Open ONLY to NOCs with no athlete qualified for this weapon via team qualification, the Individual Senior AOR, or the AOR by zone. Max 1 per NOC per weapon. | N39: 50 | P39: D.2 | Q39: FROM_IOC_DOC | T39: =IF(AND(COUNTIF(Competitions!A:A,B39)+COUNTIF(Ranking_Systems!A:A,B39)+COUNTIF(Olympic_Events!A:A,B39)+IF(OR(B39="HOST_USA",B39="TRIPARTITE"),1,0)>0,COUNTIF(Competitions!A:A,D39)+COUNTIF(Ranking_Systems!A:A,D39)+COUNTIF(Olympic_Events!A:A,D39)>0),"OK","BROKEN") -> OK
A40: fen-039 | B40: fie-zonal-qualifying-americas | C40: COMPETITION | D40: la28-fencing-ind-foil-w | E40: OLYMPIC_EVENT | F40: PLACING_ELIGIBLE | G40: 1 | I40: Winner from the the Americas zonal qualifying event | K40: Only if your NOC has NOT already qualified in this weapon at an earlier cascade stage. | M40: Open ONLY to NOCs with no athlete qualified for this weapon via team qualification, the Individual Senior AOR, or the AOR by zone. Max 1 per NOC per weapon. | N40: 50 | P40: D.2 | Q40: FROM_IOC_DOC | T40: =IF(AND(COUNTIF(Competitions!A:A,B40)+COUNTIF(Ranking_Systems!A:A,B40)+COUNTIF(Olympic_Events!A:A,B40)+IF(OR(B40="HOST_USA",B40="TRIPARTITE"),1,0)>0,COUNTIF(Competitions!A:A,D40)+COUNTIF(Ranking_Systems!A:A,D40)+COUNTIF(Olympic_Events!A:A,D40)>0),"OK","BROKEN") -> OK
A41: fen-040 | B41: fie-zonal-qualifying-africa | C41: COMPETITION | D41: la28-fencing-ind-foil-w | E41: OLYMPIC_EVENT | F41: PLACING_ELIGIBLE | G41: 1 | I41: Winner from the Africa zonal qualifying event | K41: Only if your NOC has NOT already qualified in this weapon at an earlier cascade stage. | M41: Open ONLY to NOCs with no athlete qualified for this weapon via team qualification, the Individual Senior AOR, or the AOR by zone. Max 1 per NOC per weapon. | N41: 50 | P41: D.2 | Q41: FROM_IOC_DOC | T41: =IF(AND(COUNTIF(Competitions!A:A,B41)+COUNTIF(Ranking_Systems!A:A,B41)+COUNTIF(Olympic_Events!A:A,B41)+IF(OR(B41="HOST_USA",B41="TRIPARTITE"),1,0)>0,COUNTIF(Competitions!A:A,D41)+COUNTIF(Ranking_Systems!A:A,D41)+COUNTIF(Olympic_Events!A:A,D41)>0),"OK","BROKEN") -> OK
A42: fen-041 | B42: fie-senior-team-ranking | C42: RANKING | D42: la28-fencing-team-epee-w | E42: OLYMPIC_EVENT | F42: RANKING_CUTOFF | G42: 4 | I42: Top 4 teams for this weapon in the FIE Senior Team Ranking of 1 Apr 2028, any zone | N42: 10 | P42: D.1 | Q42: FROM_IOC_DOC | T42: =IF(AND(COUNTIF(Competitions!A:A,B42)+COUNTIF(Ranking_Systems!A:A,B42)+COUNTIF(Olympic_Events!A:A,B42)+IF(OR(B42="HOST_USA",B42="TRIPARTITE"),1,0)>0,COUNTIF(Competitions!A:A,D42)+COUNTIF(Ranking_Systems!A:A,D42)+COUNTIF(Olympic_Events!A:A,D42)>0),"OK","BROKEN") -> OK
A43: fen-042 | B43: fie-senior-team-ranking | C43: RANKING | D43: la28-fencing-team-epee-w | E43: OLYMPIC_EVENT | F43: RANKING_CUTOFF_BY_ZONE | G43: 4 | I43: Highest-ranked team from each of the 4 FIE zones among ranks 5–24 | M43: If a zone has no team in ranks 5–24, the place goes to the next highest-ranked team overall, irrespective of zone. | N43: 20 | P43: D.1 | Q43: FROM_IOC_DOC | T43: =IF(AND(COUNTIF(Competitions!A:A,B43)+COUNTIF(Ranking_Systems!A:A,B43)+COUNTIF(Olympic_Events!A:A,B43)+IF(OR(B43="HOST_USA",B43="TRIPARTITE"),1,0)>0,COUNTIF(Competitions!A:A,D43)+COUNTIF(Ranking_Systems!A:A,D43)+COUNTIF(Olympic_Events!A:A,D43)>0),"OK","BROKEN") -> OK
A44: fen-043 | B44: fie-individual-senior-aor | C44: RANKING | D44: la28-fencing-ind-epee-w | E44: OLYMPIC_EVENT | F44: RANKING_CUTOFF | G44: 2 | I44: Top 2 eligible athletes in the Individual Senior AOR | L44: 10 individual places per weapon, but the 24 team-qualified athletes also compete in the individual event without holding one of these 10. The individual field is 34–37 while the individual quota is 10. | M44: Max 1 athlete per NOC per weapon. AOR already excludes NOCs qualified via team. | N44: 30 | P44: D.2 | Q44: FROM_IOC_DOC | T44: =IF(AND(COUNTIF(Competitions!A:A,B44)+COUNTIF(Ranking_Systems!A:A,B44)+COUNTIF(Olympic_Events!A:A,B44)+IF(OR(B44="HOST_USA",B44="TRIPARTITE"),1,0)>0,COUNTIF(Competitions!A:A,D44)+COUNTIF(Ranking_Systems!A:A,D44)+COUNTIF(Olympic_Events!A:A,D44)>0),"OK","BROKEN") -> OK
A45: fen-044 | B45: fie-individual-senior-aor | C45: RANKING | D45: la28-fencing-ind-epee-w | E45: OLYMPIC_EVENT | F45: RANKING_CUTOFF_BY_ZONE | G45: 4 | I45: Highest-ranked eligible athlete from each of the 4 zones in the AOR by zone | K45: Only if your NOC has NOT already qualified in this weapon at an earlier cascade stage. | L45: 10 individual places per weapon, but the 24 team-qualified athletes also compete in the individual event without holding one of these 10. The individual field is 34–37 while the individual quota is 10. | M45: Open ONLY to NOCs with no athlete qualified for this weapon via team qualification or the Individual Senior AOR. Max 1 per NOC per weapon. | N45: 40 | P45: D.2 | Q45: FROM_IOC_DOC | T45: =IF(AND(COUNTIF(Competitions!A:A,B45)+COUNTIF(Ranking_Systems!A:A,B45)+COUNTIF(Olympic_Events!A:A,B45)+IF(OR(B45="HOST_USA",B45="TRIPARTITE"),1,0)>0,COUNTIF(Competitions!A:A,D45)+COUNTIF(Ranking_Systems!A:A,D45)+COUNTIF(Olympic_Events!A:A,D45)>0),"OK","BROKEN") -> OK
A46: fen-045 | B46: fie-zonal-qualifying-europe | C46: COMPETITION | D46: la28-fencing-ind-epee-w | E46: OLYMPIC_EVENT | F46: PLACING_ELIGIBLE | G46: 1 | I46: Winner from the Europe zonal qualifying event | K46: Only if your NOC has NOT already qualified in this weapon at an earlier cascade stage. | M46: Open ONLY to NOCs with no athlete qualified for this weapon via team qualification, the Individual Senior AOR, or the AOR by zone. Max 1 per NOC per weapon. | N46: 50 | P46: D.2 | Q46: FROM_IOC_DOC | T46: =IF(AND(COUNTIF(Competitions!A:A,B46)+COUNTIF(Ranking_Systems!A:A,B46)+COUNTIF(Olympic_Events!A:A,B46)+IF(OR(B46="HOST_USA",B46="TRIPARTITE"),1,0)>0,COUNTIF(Competitions!A:A,D46)+COUNTIF(Ranking_Systems!A:A,D46)+COUNTIF(Olympic_Events!A:A,D46)>0),"OK","BROKEN") -> OK
A47: fen-046 | B47: fie-zonal-qualifying-asia-oceania | C47: COMPETITION | D47: la28-fencing-ind-epee-w | E47: OLYMPIC_EVENT | F47: PLACING_ELIGIBLE | G47: 1 | I47: Winner from the Asia-Oceania zonal qualifying event | K47: Only if your NOC has NOT already qualified in this weapon at an earlier cascade stage. | M47: Open ONLY to NOCs with no athlete qualified for this weapon via team qualification, the Individual Senior AOR, or the AOR by zone. Max 1 per NOC per weapon. | N47: 50 | P47: D.2 | Q47: FROM_IOC_DOC | T47: =IF(AND(COUNTIF(Competitions!A:A,B47)+COUNTIF(Ranking_Systems!A:A,B47)+COUNTIF(Olympic_Events!A:A,B47)+IF(OR(B47="HOST_USA",B47="TRIPARTITE"),1,0)>0,COUNTIF(Competitions!A:A,D47)+COUNTIF(Ranking_Systems!A:A,D47)+COUNTIF(Olympic_Events!A:A,D47)>0),"OK","BROKEN") -> OK
A48: fen-047 | B48: fie-zonal-qualifying-americas | C48: COMPETITION | D48: la28-fencing-ind-epee-w | E48: OLYMPIC_EVENT | F48: PLACING_ELIGIBLE | G48: 1 | I48: Winner from the the Americas zonal qualifying event | K48: Only if your NOC has NOT already qualified in this weapon at an earlier cascade stage. | M48: Open ONLY to NOCs with no athlete qualified for this weapon via team qualification, the Individual Senior AOR, or the AOR by zone. Max 1 per NOC per weapon. | N48: 50 | P48: D.2 | Q48: FROM_IOC_DOC | T48: =IF(AND(COUNTIF(Competitions!A:A,B48)+COUNTIF(Ranking_Systems!A:A,B48)+COUNTIF(Olympic_Events!A:A,B48)+IF(OR(B48="HOST_USA",B48="TRIPARTITE"),1,0)>0,COUNTIF(Competitions!A:A,D48)+COUNTIF(Ranking_Systems!A:A,D48)+COUNTIF(Olympic_Events!A:A,D48)>0),"OK","BROKEN") -> OK
A49: fen-048 | B49: fie-zonal-qualifying-africa | C49: COMPETITION | D49: la28-fencing-ind-epee-w | E49: OLYMPIC_EVENT | F49: PLACING_ELIGIBLE | G49: 1 | I49: Winner from the Africa zonal qualifying event | K49: Only if your NOC has NOT already qualified in this weapon at an earlier cascade stage. | M49: Open ONLY to NOCs with no athlete qualified for this weapon via team qualification, the Individual Senior AOR, or the AOR by zone. Max 1 per NOC per weapon. | N49: 50 | P49: D.2 | Q49: FROM_IOC_DOC | T49: =IF(AND(COUNTIF(Competitions!A:A,B49)+COUNTIF(Ranking_Systems!A:A,B49)+COUNTIF(Olympic_Events!A:A,B49)+IF(OR(B49="HOST_USA",B49="TRIPARTITE"),1,0)>0,COUNTIF(Competitions!A:A,D49)+COUNTIF(Ranking_Systems!A:A,D49)+COUNTIF(Olympic_Events!A:A,D49)>0),"OK","BROKEN") -> OK
A50: fen-049 | B50: fie-senior-team-ranking | C50: RANKING | D50: la28-fencing-team-sabre-w | E50: OLYMPIC_EVENT | F50: RANKING_CUTOFF | G50: 4 | I50: Top 4 teams for this weapon in the FIE Senior Team Ranking of 1 Apr 2028, any zone | N50: 10 | P50: D.1 | Q50: FROM_IOC_DOC | T50: =IF(AND(COUNTIF(Competitions!A:A,B50)+COUNTIF(Ranking_Systems!A:A,B50)+COUNTIF(Olympic_Events!A:A,B50)+IF(OR(B50="HOST_USA",B50="TRIPARTITE"),1,0)>0,COUNTIF(Competitions!A:A,D50)+COUNTIF(Ranking_Systems!A:A,D50)+COUNTIF(Olympic_Events!A:A,D50)>0),"OK","BROKEN") -> OK
A51: fen-050 | B51: fie-senior-team-ranking | C51: RANKING | D51: la28-fencing-team-sabre-w | E51: OLYMPIC_EVENT | F51: RANKING_CUTOFF_BY_ZONE | G51: 4 | I51: Highest-ranked team from each of the 4 FIE zones among ranks 5–24 | M51: If a zone has no team in ranks 5–24, the place goes to the next highest-ranked team overall, irrespective of zone. | N51: 20 | P51: D.1 | Q51: FROM_IOC_DOC | T51: =IF(AND(COUNTIF(Competitions!A:A,B51)+COUNTIF(Ranking_Systems!A:A,B51)+COUNTIF(Olympic_Events!A:A,B51)+IF(OR(B51="HOST_USA",B51="TRIPARTITE"),1,0)>0,COUNTIF(Competitions!A:A,D51)+COUNTIF(Ranking_Systems!A:A,D51)+COUNTIF(Olympic_Events!A:A,D51)>0),"OK","BROKEN") -> OK
A52: fen-051 | B52: fie-individual-senior-aor | C52: RANKING | D52: la28-fencing-ind-sabre-w | E52: OLYMPIC_EVENT | F52: RANKING_CUTOFF | G52: 2 | I52: Top 2 eligible athletes in the Individual Senior AOR | L52: 10 individual places per weapon, but the 24 team-qualified athletes also compete in the individual event without holding one of these 10. The individual field is 34–37 while the individual quota is 10. | M52: Max 1 athlete per NOC per weapon. AOR already excludes NOCs qualified via team. | N52: 30 | P52: D.2 | Q52: FROM_IOC_DOC | T52: =IF(AND(COUNTIF(Competitions!A:A,B52)+COUNTIF(Ranking_Systems!A:A,B52)+COUNTIF(Olympic_Events!A:A,B52)+IF(OR(B52="HOST_USA",B52="TRIPARTITE"),1,0)>0,COUNTIF(Competitions!A:A,D52)+COUNTIF(Ranking_Systems!A:A,D52)+COUNTIF(Olympic_Events!A:A,D52)>0),"OK","BROKEN") -> OK
A53: fen-052 | B53: fie-individual-senior-aor | C53: RANKING | D53: la28-fencing-ind-sabre-w | E53: OLYMPIC_EVENT | F53: RANKING_CUTOFF_BY_ZONE | G53: 4 | I53: Highest-ranked eligible athlete from each of the 4 zones in the AOR by zone | K53: Only if your NOC has NOT already qualified in this weapon at an earlier cascade stage. | L53: 10 individual places per weapon, but the 24 team-qualified athletes also compete in the individual event without holding one of these 10. The individual field is 34–37 while the individual quota is 10. | M53: Open ONLY to NOCs with no athlete qualified for this weapon via team qualification or the Individual Senior AOR. Max 1 per NOC per weapon. | N53: 40 | P53: D.2 | Q53: FROM_IOC_DOC | T53: =IF(AND(COUNTIF(Competitions!A:A,B53)+COUNTIF(Ranking_Systems!A:A,B53)+COUNTIF(Olympic_Events!A:A,B53)+IF(OR(B53="HOST_USA",B53="TRIPARTITE"),1,0)>0,COUNTIF(Competitions!A:A,D53)+COUNTIF(Ranking_Systems!A:A,D53)+COUNTIF(Olympic_Events!A:A,D53)>0),"OK","BROKEN") -> OK
A54: fen-053 | B54: fie-zonal-qualifying-europe | C54: COMPETITION | D54: la28-fencing-ind-sabre-w | E54: OLYMPIC_EVENT | F54: PLACING_ELIGIBLE | G54: 1 | I54: Winner from the Europe zonal qualifying event | K54: Only if your NOC has NOT already qualified in this weapon at an earlier cascade stage. | M54: Open ONLY to NOCs with no athlete qualified for this weapon via team qualification, the Individual Senior AOR, or the AOR by zone. Max 1 per NOC per weapon. | N54: 50 | P54: D.2 | Q54: FROM_IOC_DOC | T54: =IF(AND(COUNTIF(Competitions!A:A,B54)+COUNTIF(Ranking_Systems!A:A,B54)+COUNTIF(Olympic_Events!A:A,B54)+IF(OR(B54="HOST_USA",B54="TRIPARTITE"),1,0)>0,COUNTIF(Competitions!A:A,D54)+COUNTIF(Ranking_Systems!A:A,D54)+COUNTIF(Olympic_Events!A:A,D54)>0),"OK","BROKEN") -> OK
A55: fen-054 | B55: fie-zonal-qualifying-asia-oceania | C55: COMPETITION | D55: la28-fencing-ind-sabre-w | E55: OLYMPIC_EVENT | F55: PLACING_ELIGIBLE | G55: 1 | I55: Winner from the Asia-Oceania zonal qualifying event | K55: Only if your NOC has NOT already qualified in this weapon at an earlier cascade stage. | M55: Open ONLY to NOCs with no athlete qualified for this weapon via team qualification, the Individual Senior AOR, or the AOR by zone. Max 1 per NOC per weapon. | N55: 50 | P55: D.2 | Q55: FROM_IOC_DOC | T55: =IF(AND(COUNTIF(Competitions!A:A,B55)+COUNTIF(Ranking_Systems!A:A,B55)+COUNTIF(Olympic_Events!A:A,B55)+IF(OR(B55="HOST_USA",B55="TRIPARTITE"),1,0)>0,COUNTIF(Competitions!A:A,D55)+COUNTIF(Ranking_Systems!A:A,D55)+COUNTIF(Olympic_Events!A:A,D55)>0),"OK","BROKEN") -> OK
A56: fen-055 | B56: fie-zonal-qualifying-americas | C56: COMPETITION | D56: la28-fencing-ind-sabre-w | E56: OLYMPIC_EVENT | F56: PLACING_ELIGIBLE | G56: 1 | I56: Winner from the the Americas zonal qualifying event | K56: Only if your NOC has NOT already qualified in this weapon at an earlier cascade stage. | M56: Open ONLY to NOCs with no athlete qualified for this weapon via team qualification, the Individual Senior AOR, or the AOR by zone. Max 1 per NOC per weapon. | N56: 50 | P56: D.2 | Q56: FROM_IOC_DOC | T56: =IF(AND(COUNTIF(Competitions!A:A,B56)+COUNTIF(Ranking_Systems!A:A,B56)+COUNTIF(Olympic_Events!A:A,B56)+IF(OR(B56="HOST_USA",B56="TRIPARTITE"),1,0)>0,COUNTIF(Competitions!A:A,D56)+COUNTIF(Ranking_Systems!A:A,D56)+COUNTIF(Olympic_Events!A:A,D56)>0),"OK","BROKEN") -> OK
A57: fen-056 | B57: fie-zonal-qualifying-africa | C57: COMPETITION | D57: la28-fencing-ind-sabre-w | E57: OLYMPIC_EVENT | F57: PLACING_ELIGIBLE | G57: 1 | I57: Winner from the Africa zonal qualifying event | K57: Only if your NOC has NOT already qualified in this weapon at an earlier cascade stage. | M57: Open ONLY to NOCs with no athlete qualified for this weapon via team qualification, the Individual Senior AOR, or the AOR by zone. Max 1 per NOC per weapon. | N57: 50 | P57: D.2 | Q57: FROM_IOC_DOC | T57: =IF(AND(COUNTIF(Competitions!A:A,B57)+COUNTIF(Ranking_Systems!A:A,B57)+COUNTIF(Olympic_Events!A:A,B57)+IF(OR(B57="HOST_USA",B57="TRIPARTITE"),1,0)>0,COUNTIF(Competitions!A:A,D57)+COUNTIF(Ranking_Systems!A:A,D57)+COUNTIF(Olympic_Events!A:A,D57)>0),"OK","BROKEN") -> OK
A58: fen-057 | B58: HOST_USA | C58: ALLOCATION | D58: la28-fencing-flexible | E58: OLYMPIC_EVENT | F58: HOST | G58: 6 | I58: Host NOC allocated 6 places, distributed between team and individual events as it sees fit | M58: If host adds a team: 2 places if it already has 1 qualified athlete in the corresponding individual event, 3 if none. Host confirms by 19 May 2028. | N58: 60 | P58: D.3 | Q58: FROM_IOC_DOC | T58: =IF(AND(COUNTIF(Competitions!A:A,B58)+COUNTIF(Ranking_Systems!A:A,B58)+COUNTIF(Olympic_Events!A:A,B58)+IF(OR(B58="HOST_USA",B58="TRIPARTITE"),1,0)>0,COUNTIF(Competitions!A:A,D58)+COUNTIF(Ranking_Systems!A:A,D58)+COUNTIF(Olympic_Events!A:A,D58)>0),"OK","BROKEN") -> OK
A59: fen-058 | B59: TRIPARTITE | C59: ALLOCATION | D59: la28-fencing-flexible | E59: OLYMPIC_EVENT | F59: TRIPARTITE | G59: 2 | I59: 2 universality places, one per gender | M59: IOC invites 1 Oct 2027; NOC deadline 15 Jan 2028; Tripartite confirms after the qualification period. | N59: 70 | P59: D.4 | Q59: FROM_IOC_DOC | T59: =IF(AND(COUNTIF(Competitions!A:A,B59)+COUNTIF(Ranking_Systems!A:A,B59)+COUNTIF(Olympic_Events!A:A,B59)+IF(OR(B59="HOST_USA",B59="TRIPARTITE"),1,0)>0,COUNTIF(Competitions!A:A,D59)+COUNTIF(Ranking_Systems!A:A,D59)+COUNTIF(Olympic_Events!A:A,D59)>0),"OK","BROKEN") -> OK
A60: cri-001 | B60: icc-mens-t20i-team-ranking | C60: RANKING | D60: la28-cricket-m | E60: OLYMPIC_EVENT | F60: RANKING_CUTOFF | G60: 4 | I60: Highest-ranked eligible NOC from Africa, Asia, Europe and Oceania at 31 Dec 2026, provided each is inside the top 15 | L60: On the 25 Jul 2026 table: India (Asia), England (Europe), Australia (Oceania), South Africa (Africa). All four are top-5, so none of these places is currently contested — the live action is at the Olympics Qualifier cut around rank 12. | M60: RESOLVED: the ICC names the four continents — Africa, Asia, Europe, Oceania. The Americas is excluded from this route and covered by the host place instead. West Indies cannot hold a quota place; among the British nations only England counts. | N60: 10 | P60: D.1 | Q60: FROM_ICC | S60: icc-m-continental-4 | T60: =IF(AND(COUNTIF(Competitions!A:A,B60)+COUNTIF(Ranking_Systems!A:A,B60)+COUNTIF(Olympic_Events!A:A,B60)+IF(OR(B60="HOST_USA",B60="TRIPARTITE"),1,0)>0,COUNTIF(Competitions!A:A,D60)+COUNTIF(Ranking_Systems!A:A,D60)+COUNTIF(Olympic_Events!A:A,D60)>0),"OK","BROKEN") -> OK
A61: cri-002 | B61: HOST_USA | C61: ALLOCATION | D61: la28-cricket-m | E61: OLYMPIC_EVENT | F61: HOST | G61: 1 | I61: Host nation place, conditional on a ranking test | M61: NOT automatic. The USA must be inside the top 15 of the ICC Men’s T20I rankings at the 31 Dec 2026 cut-off. Currently 13th, 3 rating points clear of the Netherlands. If missed, the place passes to the next-highest-ranked nation from any continent not already qualified by 31 Dec 2026. | N61: 20 | O61: icc-mens-t20i-team-ranking | P61: D.2, F.2, H | Q61: FROM_IOC_DOC | S61: icc-m-host-top15 | T61: =IF(AND(COUNTIF(Competitions!A:A,B61)+COUNTIF(Ranking_Systems!A:A,B61)+COUNTIF(Olympic_Events!A:A,B61)+IF(OR(B61="HOST_USA",B61="TRIPARTITE"),1,0)>0,COUNTIF(Competitions!A:A,D61)+COUNTIF(Ranking_Systems!A:A,D61)+COUNTIF(Olympic_Events!A:A,D61)>0),"OK","BROKEN") -> OK
A62: cri-003 | B62: icc-mens-t20i-team-ranking | C62: RANKING | D62: icc-fogqt-men | E62: COMPETITION | F62: RANKING_TO_EVENT | H62: 8 | I62: Next eight highest-ranked eligible teams not yet qualified, allocated at the 31 Dec 2026 close — sets the FOGQT field | K62: Only if NOT already qualified. The next eight highest-ranked eligible teams after the four continental places and the host place are taken. | M62: Next eight highest-ranked eligible teams not yet qualified | Does not award a quota place; fills the tournament. West Indies DOES count toward these eight even though it cannot hold a quota place — if it lands inside, the regional tournament is triggered. | N62: 25 | P62: D.3, H | Q62: FROM_IOC_DOC | S62: icc-m-fogqt-8 | T62: =IF(AND(COUNTIF(Competitions!A:A,B62)+COUNTIF(Ranking_Systems!A:A,B62)+COUNTIF(Olympic_Events!A:A,B62)+IF(OR(B62="HOST_USA",B62="TRIPARTITE"),1,0)>0,COUNTIF(Competitions!A:A,D62)+COUNTIF(Ranking_Systems!A:A,D62)+COUNTIF(Olympic_Events!A:A,D62)>0),"OK","BROKEN") -> OK
A63: cri-004 | B63: icc-west-indies-regional-tournament-m | C63: COMPETITION | D63: icc-fogqt-men | E63: COMPETITION | F63: ADVANCE | H63: 1 | I63: Winner represents the West Indies region at the men’s FOGQT | K63: Only if West Indies lands inside the eight — otherwise this tournament never happens. | M63: Conditional edge. Only live if West Indies is inside the eight highest-ranked not-yet-qualified teams at 31 Dec 2026. | N63: 26 | P63: D.3 | Q63: CONDITIONAL | T63: =IF(AND(COUNTIF(Competitions!A:A,B63)+COUNTIF(Ranking_Systems!A:A,B63)+COUNTIF(Olympic_Events!A:A,B63)+IF(OR(B63="HOST_USA",B63="TRIPARTITE"),1,0)>0,COUNTIF(Competitions!A:A,D63)+COUNTIF(Ranking_Systems!A:A,D63)+COUNTIF(Olympic_Events!A:A,D63)>0),"OK","BROKEN") -> OK
A64: cri-005 | B64: icc-fogqt-men | C64: COMPETITION | D64: la28-cricket-m | E64: OLYMPIC_EVENT | F64: PLACING | G64: 1 | I64: Winner of the men’s FOGQT takes the final quota place | L64: 8 teams enter, 1 qualifies. Winner takes all. | M64: No maximum limit on continental representation applies at this stage. | N64: 30 | P64: D.3 | Q64: FROM_IOC_DOC | T64: =IF(AND(COUNTIF(Competitions!A:A,B64)+COUNTIF(Ranking_Systems!A:A,B64)+COUNTIF(Olympic_Events!A:A,B64)+IF(OR(B64="HOST_USA",B64="TRIPARTITE"),1,0)>0,COUNTIF(Competitions!A:A,D64)+COUNTIF(Ranking_Systems!A:A,D64)+COUNTIF(Olympic_Events!A:A,D64)>0),"OK","BROKEN") -> OK
A65: cri-006 | B65: icc-womens-t20-world-cup-2026 | C65: COMPETITION | D65: la28-cricket-w | E65: OLYMPIC_EVENT | F65: PLACING_ELIGIBLE | G65: 4 | I65: Top-standing eligible NOC from each continent at the ICC Women’s T20 World Cup 2026, four teams in total | M65: West Indies is a composite ICC member, not an IOC NOC: ineligible for a quota place. It represents Antigua and Barbuda, Barbados, British Virgin Islands, Dominica, Grenada, Guyana, Jamaica, St Kitts and Nevis, St Lucia, St Vincent and the Grenadines, Trinidad and Tobago, US Virgin Islands. Great Britain: only England counts toward the quotas. Only rankings of eligible NOCs are recognised (NB i, NB ii). AMBIGUITY: same continental-allocation wording as the men’s D.1 — four continents are implied but not enumerated. | N65: 10 | P65: D.4 | Q65: CONFIRMED | R65: Resolved: ICC confirmed the four continental qualifiers (AUS Oceania, GBR via England Europe, IND Asia, RSA Africa); Asia's place went to the highest-placed eligible finisher. | T65: =IF(AND(COUNTIF(Competitions!A:A,B65)+COUNTIF(Ranking_Systems!A:A,B65)+COUNTIF(Olympic_Events!A:A,B65)+IF(OR(B65="HOST_USA",B65="TRIPARTITE"),1,0)>0,COUNTIF(Competitions!A:A,D65)+COUNTIF(Ranking_Systems!A:A,D65)+COUNTIF(Olympic_Events!A:A,D65)>0),"OK","BROKEN") -> OK
A66: cri-007 | B66: HOST_USA | C66: ALLOCATION | D66: la28-cricket-w | E66: OLYMPIC_EVENT | F66: HOST | G66: 1 | I66: Host nation place, conditional on a ranking test | M66: NOT automatic, and currently NOT met. The USA women are ranked 20th and must be top 15 at the 31 Dec 2026 cut-off. If missed, the place goes to the highest-placed non-qualified nation on the ICC T20I rankings from any continent as of 1 MARCH 2027 — a later deadline than the men’s equivalent. | N66: 20 | O66: icc-womens-t20i-team-ranking | P66: D.5, F.2, H | Q66: FROM_ICC | S66: icc-w-host-top15 | T66: =IF(AND(COUNTIF(Competitions!A:A,B66)+COUNTIF(Ranking_Systems!A:A,B66)+COUNTIF(Olympic_Events!A:A,B66)+IF(OR(B66="HOST_USA",B66="TRIPARTITE"),1,0)>0,COUNTIF(Competitions!A:A,D66)+COUNTIF(Ranking_Systems!A:A,D66)+COUNTIF(Olympic_Events!A:A,D66)>0),"OK","BROKEN") -> OK
A67: cri-008 | B67: icc-womens-t20i-team-ranking | C67: RANKING | D67: icc-fogqt-women | E67: COMPETITION | F67: RANKING_TO_EVENT | H67: 8 | I67: Next eight highest-ranked eligible teams not yet qualified, allocated at the 1 March 2027 close — sets the FOGQT field | K67: Only if NOT already qualified. The next eight highest-ranked eligible teams after the World Cup places and the host place are taken. | M67: Next eight highest-ranked eligible teams not yet qualified | Does not award a quota place. West Indies counts toward the eight; if inside, the regional tournament is triggered. | N67: 25 | P67: D.6, H | Q67: FROM_IOC_DOC | S67: icc-w-fogqt-8 | T67: =IF(AND(COUNTIF(Competitions!A:A,B67)+COUNTIF(Ranking_Systems!A:A,B67)+COUNTIF(Olympic_Events!A:A,B67)+IF(OR(B67="HOST_USA",B67="TRIPARTITE"),1,0)>0,COUNTIF(Competitions!A:A,D67)+COUNTIF(Ranking_Systems!A:A,D67)+COUNTIF(Olympic_Events!A:A,D67)>0),"OK","BROKEN") -> OK
A68: cri-009 | B68: icc-west-indies-regional-tournament-w | C68: COMPETITION | D68: icc-fogqt-women | E68: COMPETITION | F68: ADVANCE | H68: 1 | I68: Winner represents the West Indies region at the women’s FOGQT | K68: Only if West Indies lands inside the eight — otherwise this tournament never happens. | M68: Conditional edge. Only live if West Indies is inside the eight at 1 March 2027. | N68: 26 | P68: D.6 | Q68: CONDITIONAL | T68: =IF(AND(COUNTIF(Competitions!A:A,B68)+COUNTIF(Ranking_Systems!A:A,B68)+COUNTIF(Olympic_Events!A:A,B68)+IF(OR(B68="HOST_USA",B68="TRIPARTITE"),1,0)>0,COUNTIF(Competitions!A:A,D68)+COUNTIF(Ranking_Systems!A:A,D68)+COUNTIF(Olympic_Events!A:A,D68)>0),"OK","BROKEN") -> OK
A69: cri-010 | B69: icc-fogqt-women | C69: COMPETITION | D69: la28-cricket-w | E69: OLYMPIC_EVENT | F69: PLACING | G69: 1 | I69: Winner of the women’s FOGQT takes the final quota place | L69: 8 teams enter, 1 qualifies. Winner takes all. | M69: No cap on continental representation. | N69: 30 | P69: D.6 | Q69: FROM_IOC_DOC | T69: =IF(AND(COUNTIF(Competitions!A:A,B69)+COUNTIF(Ranking_Systems!A:A,B69)+COUNTIF(Olympic_Events!A:A,B69)+IF(OR(B69="HOST_USA",B69="TRIPARTITE"),1,0)>0,COUNTIF(Competitions!A:A,D69)+COUNTIF(Ranking_Systems!A:A,D69)+COUNTIF(Olympic_Events!A:A,D69)>0),"OK","BROKEN") -> OK
A70: cri-011 | B70: indian-cricket-team-in-bangladesh-in-2026 | C70: COMPETITION | D70: icc-mens-t20i-team-ranking | E70: RANKING | F70: RANKING_POINTS | I70: T20I matches award rating points toward the men’s ranking | M70: Counts only if played on or before 31 Dec 2026. | N70: 0 | P70: D.1, H | Q70: FROM_IOC_DOC | T70: =IF(AND(COUNTIF(Competitions!A:A,B70)+COUNTIF(Ranking_Systems!A:A,B70)+COUNTIF(Olympic_Events!A:A,B70)+IF(OR(B70="HOST_USA",B70="TRIPARTITE"),1,0)>0,COUNTIF(Competitions!A:A,D70)+COUNTIF(Ranking_Systems!A:A,D70)+COUNTIF(Olympic_Events!A:A,D70)>0),"OK","BROKEN") -> OK
A71: cri-012 | B71: sri-lankan-cricket-team-in-england-in-2026 | C71: COMPETITION | D71: icc-mens-t20i-team-ranking | E71: RANKING | F71: RANKING_POINTS | I71: T20I matches award rating points toward the men’s ranking | M71: Counts only if played on or before 31 Dec 2026. | N71: 0 | P71: D.1, H | Q71: FROM_IOC_DOC | T71: =IF(AND(COUNTIF(Competitions!A:A,B71)+COUNTIF(Ranking_Systems!A:A,B71)+COUNTIF(Olympic_Events!A:A,B71)+IF(OR(B71="HOST_USA",B71="TRIPARTITE"),1,0)>0,COUNTIF(Competitions!A:A,D71)+COUNTIF(Ranking_Systems!A:A,D71)+COUNTIF(Olympic_Events!A:A,D71)>0),"OK","BROKEN") -> OK
A72: cri-013 | B72: west-indian-cricket-team-in-india-in-202627 | C72: COMPETITION | D72: icc-mens-t20i-team-ranking | E72: RANKING | F72: RANKING_POINTS | I72: T20I matches award rating points toward the men’s ranking | M72: Counts only if played on or before 31 Dec 2026. | N72: 0 | P72: D.1, H | Q72: FROM_IOC_DOC | T72: =IF(AND(COUNTIF(Competitions!A:A,B72)+COUNTIF(Ranking_Systems!A:A,B72)+COUNTIF(Olympic_Events!A:A,B72)+IF(OR(B72="HOST_USA",B72="TRIPARTITE"),1,0)>0,COUNTIF(Competitions!A:A,D72)+COUNTIF(Ranking_Systems!A:A,D72)+COUNTIF(Olympic_Events!A:A,D72)>0),"OK","BROKEN") -> OK
A73: cri-014 | B73: bangladeshi-cricket-team-in-south-africa-in-202627 | C73: COMPETITION | D73: icc-mens-t20i-team-ranking | E73: RANKING | F73: RANKING_POINTS | I73: T20I matches award rating points toward the men’s ranking | M73: Counts only if played on or before 31 Dec 2026. | N73: 0 | P73: D.1, H | Q73: FROM_IOC_DOC | T73: =IF(AND(COUNTIF(Competitions!A:A,B73)+COUNTIF(Ranking_Systems!A:A,B73)+COUNTIF(Olympic_Events!A:A,B73)+IF(OR(B73="HOST_USA",B73="TRIPARTITE"),1,0)>0,COUNTIF(Competitions!A:A,D73)+COUNTIF(Ranking_Systems!A:A,D73)+COUNTIF(Olympic_Events!A:A,D73)>0),"OK","BROKEN") -> OK
A74: cri-015 | B74: cricket-at-the-2026-asian-games-men-s-tournament | C74: COMPETITION | D74: icc-mens-t20i-team-ranking | E74: RANKING | F74: RANKING_POINTS | I74: T20I matches award rating points toward the men’s ranking | M74: Counts only if played on or before 31 Dec 2026. | N74: 0 | P74: D.1, H | Q74: FROM_IOC_DOC | T74: =IF(AND(COUNTIF(Competitions!A:A,B74)+COUNTIF(Ranking_Systems!A:A,B74)+COUNTIF(Olympic_Events!A:A,B74)+IF(OR(B74="HOST_USA",B74="TRIPARTITE"),1,0)>0,COUNTIF(Competitions!A:A,D74)+COUNTIF(Ranking_Systems!A:A,D74)+COUNTIF(Olympic_Events!A:A,D74)>0),"OK","BROKEN") -> OK
A75: cri-016 | B75: pakistan-women-s-cricket-team-in-sri-lanka-in-2026 | C75: COMPETITION | D75: icc-womens-t20i-team-ranking | E75: RANKING | F75: RANKING_POINTS | I75: T20I matches award rating points toward the women’s ranking | M75: Counts only if played on or before 1 March 2027. | N75: 0 | P75: D.6, H | Q75: FROM_IOC_DOC | T75: =IF(AND(COUNTIF(Competitions!A:A,B75)+COUNTIF(Ranking_Systems!A:A,B75)+COUNTIF(Olympic_Events!A:A,B75)+IF(OR(B75="HOST_USA",B75="TRIPARTITE"),1,0)>0,COUNTIF(Competitions!A:A,D75)+COUNTIF(Ranking_Systems!A:A,D75)+COUNTIF(Olympic_Events!A:A,D75)>0),"OK","BROKEN") -> OK
A76: cri-017 | B76: south-africa-women-s-cricket-team-in-zimbabwe-in-2026 | C76: COMPETITION | D76: icc-womens-t20i-team-ranking | E76: RANKING | F76: RANKING_POINTS | I76: T20I matches award rating points toward the women’s ranking | M76: Counts only if played on or before 1 March 2027. | N76: 0 | P76: D.6, H | Q76: FROM_IOC_DOC | T76: =IF(AND(COUNTIF(Competitions!A:A,B76)+COUNTIF(Ranking_Systems!A:A,B76)+COUNTIF(Olympic_Events!A:A,B76)+IF(OR(B76="HOST_USA",B76="TRIPARTITE"),1,0)>0,COUNTIF(Competitions!A:A,D76)+COUNTIF(Ranking_Systems!A:A,D76)+COUNTIF(Olympic_Events!A:A,D76)>0),"OK","BROKEN") -> OK
A77: cri-018 | B77: cricket-at-the-2026-asian-games-women-s-tournament | C77: COMPETITION | D77: icc-womens-t20i-team-ranking | E77: RANKING | F77: RANKING_POINTS | I77: T20I matches award rating points toward the women’s ranking | M77: Counts only if played on or before 1 March 2027. | N77: 0 | P77: D.6, H | Q77: FROM_IOC_DOC | T77: =IF(AND(COUNTIF(Competitions!A:A,B77)+COUNTIF(Ranking_Systems!A:A,B77)+COUNTIF(Olympic_Events!A:A,B77)+IF(OR(B77="HOST_USA",B77="TRIPARTITE"),1,0)>0,COUNTIF(Competitions!A:A,D77)+COUNTIF(Ranking_Systems!A:A,D77)+COUNTIF(Olympic_Events!A:A,D77)>0),"OK","BROKEN") -> OK
A78: cri-019 | B78: icc-womens-t20-world-cup-2026 | C78: COMPETITION | D78: icc-womens-t20i-team-ranking | E78: RANKING | F78: RANKING_POINTS | I78: T20I matches award rating points toward the women’s ranking | M78: Counts only if played on or before 1 March 2027. | N78: 0 | P78: D.6, H | Q78: FROM_IOC_DOC | T78: =IF(AND(COUNTIF(Competitions!A:A,B78)+COUNTIF(Ranking_Systems!A:A,B78)+COUNTIF(Olympic_Events!A:A,B78)+IF(OR(B78="HOST_USA",B78="TRIPARTITE"),1,0)>0,COUNTIF(Competitions!A:A,D78)+COUNTIF(Ranking_Systems!A:A,D78)+COUNTIF(Olympic_Events!A:A,D78)>0),"OK","BROKEN") -> OK
A79: fbl-001 | B79: HOST_USA | C79: ALLOCATION | D79: la28-football-m | E79: OLYMPIC_EVENT | F79: HOST | G79: 1 | I79: Host nation | M79: United States, already qualified. | N79: 10 | P79: https://en.wikipedia.org/wiki/Football_at_the_2028_Summer_Olympics_%E2%80%93_Men%27s_qualification | Q79: FROM_WIKIPEDIA | T79: =IF(AND(COUNTIF(Competitions!A:A,B79)+COUNTIF(Ranking_Systems!A:A,B79)+COUNTIF(Olympic_Events!A:A,B79)+IF(OR(B79="HOST_USA",B79="TRIPARTITE"),1,0)>0,COUNTIF(Competitions!A:A,D79)+COUNTIF(Ranking_Systems!A:A,D79)+COUNTIF(Olympic_Events!A:A,D79)>0),"OK","BROKEN") -> OK
A80: fbl-002 | B80: uefa-u21-euro-2027 | C80: COMPETITION | D80: la28-football-m | E80: OLYMPIC_EVENT | F80: PLACING_ELIGIBLE | G80: 3 | I80: Top 3 eligible teams at the 2027 UEFA U21 Championship | L80: 3 places from 16 teams, but only among ELIGIBLE teams. England, Scotland, Wales and Northern Ireland play the tournament and cannot take a berth, so a top-three finish does not guarantee one — and England have won the last two editions. | M80: England, Scotland, Wales and Northern Ireland compete but cannot take an Olympic berth — there is no standing Great Britain men’s team. England have won the last two editions, so this filter is load-bearing, not a footnote. | N80: 20 | P80: https://en.wikipedia.org/wiki/Football_at_the_2028_Summer_Olympics_%E2%80%93_Men%27s_qualification | Q80: FROM_WIKIPEDIA | T80: =IF(AND(COUNTIF(Competitions!A:A,B80)+COUNTIF(Ranking_Systems!A:A,B80)+COUNTIF(Olympic_Events!A:A,B80)+IF(OR(B80="HOST_USA",B80="TRIPARTITE"),1,0)>0,COUNTIF(Competitions!A:A,D80)+COUNTIF(Ranking_Systems!A:A,D80)+COUNTIF(Olympic_Events!A:A,D80)>0),"OK","BROKEN") -> OK
A81: fbl-003 | B81: afc-u23-asian-cup-2028 | C81: COMPETITION | D81: la28-football-m | E81: OLYMPIC_EVENT | F81: PLACING | G81: 2 | I81: Top 2 at the 2028 AFC U-23 Asian Cup | M81: Format unannounced; placing rule assumed from the berth count. | N81: 20 | P81: https://en.wikipedia.org/wiki/Football_at_the_2028_Summer_Olympics_%E2%80%93_Men%27s_qualification | Q81: UNCONFIRMED | T81: =IF(AND(COUNTIF(Competitions!A:A,B81)+COUNTIF(Ranking_Systems!A:A,B81)+COUNTIF(Olympic_Events!A:A,B81)+IF(OR(B81="HOST_USA",B81="TRIPARTITE"),1,0)>0,COUNTIF(Competitions!A:A,D81)+COUNTIF(Ranking_Systems!A:A,D81)+COUNTIF(Olympic_Events!A:A,D81)>0),"OK","BROKEN") -> OK
A82: fbl-004 | B82: u23-afcon-2027 | C82: COMPETITION | D82: la28-football-m | E82: OLYMPIC_EVENT | F82: PLACING | G82: 2 | I82: Top 2 at the 2027 U-23 Africa Cup of Nations | M82: Format unannounced; placing rule assumed from the berth count. | N82: 20 | P82: https://en.wikipedia.org/wiki/Football_at_the_2028_Summer_Olympics_%E2%80%93_Men%27s_qualification | Q82: UNCONFIRMED | T82: =IF(AND(COUNTIF(Competitions!A:A,B82)+COUNTIF(Ranking_Systems!A:A,B82)+COUNTIF(Olympic_Events!A:A,B82)+IF(OR(B82="HOST_USA",B82="TRIPARTITE"),1,0)>0,COUNTIF(Competitions!A:A,D82)+COUNTIF(Ranking_Systems!A:A,D82)+COUNTIF(Olympic_Events!A:A,D82)>0),"OK","BROKEN") -> OK
A83: fbl-005 | B83: 2026-concacaf-u-20-championship | C83: COMPETITION | D83: la28-football-m | E83: OLYMPIC_EVENT | F83: PLACING | G83: 1 | I83: The tournament winner qualifies for the 2028 Olympics. Should the United States — already qualified as Olympic host — win, the berth is awarded to the runner-up. (Separately, the four semi-finalists qualify for the FIFA U-20 World Cup 2027.) | L83: 1 berth from 12 teams, whoever it lands on: winner, or runner-up if the USA win. The recipient is conditional; the count and source are not — which is why this is one link row, not two. The same matches also decide the four U-20 World Cup places. | M83: CONDITIONAL: the United States is already qualified as Olympic host. Should the USA win the tournament, the Olympic berth passes to the runner-up. The USA topped Group A with a 5-0 win over Cuba, so this is live. | N83: 20 | P83: CONCACAF schedule announcement (Qualification rule stated in full); en.wikipedia.org/wiki/Football_at_the_2028_Summer_Olympics_–_Men's_qualification | Q83: CONFIRMED | T83: =IF(AND(COUNTIF(Competitions!A:A,B83)+COUNTIF(Ranking_Systems!A:A,B83)+COUNTIF(Olympic_Events!A:A,B83)+IF(OR(B83="HOST_USA",B83="TRIPARTITE"),1,0)>0,COUNTIF(Competitions!A:A,D83)+COUNTIF(Ranking_Systems!A:A,D83)+COUNTIF(Olympic_Events!A:A,D83)>0),"OK","BROKEN") -> OK
A84: fbl-006 | B84: conmebol-olympic-qualifying-2028-m | C84: COMPETITION | D84: la28-football-m | E84: OLYMPIC_EVENT | F84: PLACING | G84: 2 | I84: CONMEBOL’s 2 berths | M84: Process not announced. | N84: 20 | P84: https://en.wikipedia.org/wiki/Football_at_the_2028_Summer_Olympics_%E2%80%93_Men%27s_qualification | Q84: UNCONFIRMED | T84: =IF(AND(COUNTIF(Competitions!A:A,B84)+COUNTIF(Ranking_Systems!A:A,B84)+COUNTIF(Olympic_Events!A:A,B84)+IF(OR(B84="HOST_USA",B84="TRIPARTITE"),1,0)>0,COUNTIF(Competitions!A:A,D84)+COUNTIF(Ranking_Systems!A:A,D84)+COUNTIF(Olympic_Events!A:A,D84)>0),"OK","BROKEN") -> OK
A85: fbl-007 | B85: ofc-olympic-qualifying-2028-m | C85: COMPETITION | D85: la28-football-m | E85: OLYMPIC_EVENT | F85: PLACING | G85: 1 | I85: OFC’s single berth | M85: Process not announced. | N85: 20 | P85: https://en.wikipedia.org/wiki/Football_at_the_2028_Summer_Olympics_%E2%80%93_Men%27s_qualification | Q85: UNCONFIRMED | T85: =IF(AND(COUNTIF(Competitions!A:A,B85)+COUNTIF(Ranking_Systems!A:A,B85)+COUNTIF(Olympic_Events!A:A,B85)+IF(OR(B85="HOST_USA",B85="TRIPARTITE"),1,0)>0,COUNTIF(Competitions!A:A,D85)+COUNTIF(Ranking_Systems!A:A,D85)+COUNTIF(Olympic_Events!A:A,D85)>0),"OK","BROKEN") -> OK
A86: fbl-008 | B86: uefa-u21-euro-2027-qualifying | C86: COMPETITION | D86: uefa-u21-euro-2027 | E86: COMPETITION | F86: ADVANCE | H86: 10 | I86: Nine group winners plus the best runner-up qualify directly, joining co-hosts Albania and Serbia | M86: Plus co-hosts Albania and Serbia = 16 | N86: 0 | P86: https://en.wikipedia.org/wiki/Football_at_the_2028_Summer_Olympics_%E2%80%93_Men%27s_qualification | Q86: FROM_WIKIPEDIA | T86: =IF(AND(COUNTIF(Competitions!A:A,B86)+COUNTIF(Ranking_Systems!A:A,B86)+COUNTIF(Olympic_Events!A:A,B86)+IF(OR(B86="HOST_USA",B86="TRIPARTITE"),1,0)>0,COUNTIF(Competitions!A:A,D86)+COUNTIF(Ranking_Systems!A:A,D86)+COUNTIF(Olympic_Events!A:A,D86)>0),"OK","BROKEN") -> OK
A87: fbl-009 | B87: concacaf-u20-2026-qualification | C87: COMPETITION | D87: 2026-concacaf-u-20-championship | E87: COMPETITION | F87: ADVANCE | I87: Sets the 2026 CONCACAF U-20 Championship field | J87: Count not confirmed — verify with CONCACAF | N87: 0 | P87: https://en.wikipedia.org/wiki/Football_at_the_2028_Summer_Olympics_%E2%80%93_Men%27s_qualification | Q87: UNCONFIRMED | T87: =IF(AND(COUNTIF(Competitions!A:A,B87)+COUNTIF(Ranking_Systems!A:A,B87)+COUNTIF(Olympic_Events!A:A,B87)+IF(OR(B87="HOST_USA",B87="TRIPARTITE"),1,0)>0,COUNTIF(Competitions!A:A,D87)+COUNTIF(Ranking_Systems!A:A,D87)+COUNTIF(Olympic_Events!A:A,D87)>0),"OK","BROKEN") -> OK
A88: fbl-010 | B88: HOST_USA | C88: ALLOCATION | D88: la28-football-w | E88: OLYMPIC_EVENT | F88: HOST | G88: 1 | I88: Host nation | M88: United States, already qualified. | N88: 10 | P88: https://en.wikipedia.org/wiki/Football_at_the_2028_Summer_Olympics_%E2%80%93_Women%27s_qualification | Q88: FROM_WIKIPEDIA | T88: =IF(AND(COUNTIF(Competitions!A:A,B88)+COUNTIF(Ranking_Systems!A:A,B88)+COUNTIF(Olympic_Events!A:A,B88)+IF(OR(B88="HOST_USA",B88="TRIPARTITE"),1,0)>0,COUNTIF(Competitions!A:A,D88)+COUNTIF(Ranking_Systems!A:A,D88)+COUNTIF(Olympic_Events!A:A,D88)>0),"OK","BROKEN") -> OK
A89: fbl-011 | B89: uefa-wnl-2027 | C89: COMPETITION | D89: la28-football-w | E89: OLYMPIC_EVENT | F89: PLACING | G89: 4 | I89: The four semi-finalists of the 2027 UEFA Women’s Nations League qualify | L89: 4 berths from the four semi-finalists. Only League A group winners reach the Nations League Finals, so League A status in the 2027 Nations League — set by the 2026 European Qualifiers — is a precondition. | M89: RESOLVED: earlier flagged as ambiguous. Wikipedia’s qualification article states the Olympic qualifiers are the four Nations League semi-finalists, so reaching the last four is the threshold — the Finals placings do not matter beyond that. | N89: 20 | P89: https://en.wikipedia.org/wiki/Football_at_the_2028_Summer_Olympics_%E2%80%93_Women%27s_qualification | Q89: FROM_WIKIPEDIA | T89: =IF(AND(COUNTIF(Competitions!A:A,B89)+COUNTIF(Ranking_Systems!A:A,B89)+COUNTIF(Olympic_Events!A:A,B89)+IF(OR(B89="HOST_USA",B89="TRIPARTITE"),1,0)>0,COUNTIF(Competitions!A:A,D89)+COUNTIF(Ranking_Systems!A:A,D89)+COUNTIF(Olympic_Events!A:A,D89)>0),"OK","BROKEN") -> OK
A90: fbl-012 | B90: concacaf-w-championship-2026 | C90: COMPETITION | D90: la28-football-w | E90: OLYMPIC_EVENT | F90: PLACING_ELIGIBLE | G90: 3 | I90: Two finalists plus the third-place play-off winner at the 2026 CONCACAF W Championship | L90: 3 places, but which placings convert depends on the host. Normally the two finalists plus the third-place play-off winner. If the USA — already qualified as host — reaches the semi-finals, the three other semi-finalists qualify instead. | M90: CONDITIONAL: if the USA reach the semi-finals, the three other semi-finalists qualify instead. The host being in the field changes which placings convert to berths — a rule the app cannot resolve until the draw plays out. | N90: 20 | P90: https://en.wikipedia.org/wiki/Football_at_the_2028_Summer_Olympics_%E2%80%93_Women%27s_qualification | Q90: CONDITIONAL_RULE | T90: =IF(AND(COUNTIF(Competitions!A:A,B90)+COUNTIF(Ranking_Systems!A:A,B90)+COUNTIF(Olympic_Events!A:A,B90)+IF(OR(B90="HOST_USA",B90="TRIPARTITE"),1,0)>0,COUNTIF(Competitions!A:A,D90)+COUNTIF(Ranking_Systems!A:A,D90)+COUNTIF(Olympic_Events!A:A,D90)>0),"OK","BROKEN") -> OK
A91: fbl-013 | B91: afc-w-oqt-2028 | C91: COMPETITION | D91: la28-football-w | E91: OLYMPIC_EVENT | F91: PLACING | G91: 2 | I91: The two group winners at the 2028 AFC Women’s Olympic Qualifying Tournament | M91: Two groups of four, league format. | N91: 20 | P91: https://en.wikipedia.org/wiki/Football_at_the_2028_Summer_Olympics_%E2%80%93_Women%27s_qualification | Q91: FROM_WIKIPEDIA | T91: =IF(AND(COUNTIF(Competitions!A:A,B91)+COUNTIF(Ranking_Systems!A:A,B91)+COUNTIF(Olympic_Events!A:A,B91)+IF(OR(B91="HOST_USA",B91="TRIPARTITE"),1,0)>0,COUNTIF(Competitions!A:A,D91)+COUNTIF(Ranking_Systems!A:A,D91)+COUNTIF(Olympic_Events!A:A,D91)>0),"OK","BROKEN") -> OK
A92: fbl-014 | B92: caf-w-oqt-2028-r5 | C92: COMPETITION | D92: la28-football-w | E92: OLYMPIC_EVENT | F92: PLACING | G92: 2 | I92: The two fifth-round winners take Africa’s places | M92: Home-and-away ties throughout. | N92: 20 | P92: https://en.wikipedia.org/wiki/Football_at_the_2028_Summer_Olympics_%E2%80%93_Women%27s_qualification | Q92: FROM_WIKIPEDIA | T92: =IF(AND(COUNTIF(Competitions!A:A,B92)+COUNTIF(Ranking_Systems!A:A,B92)+COUNTIF(Olympic_Events!A:A,B92)+IF(OR(B92="HOST_USA",B92="TRIPARTITE"),1,0)>0,COUNTIF(Competitions!A:A,D92)+COUNTIF(Ranking_Systems!A:A,D92)+COUNTIF(Olympic_Events!A:A,D92)>0),"OK","BROKEN") -> OK
A93: fbl-015 | B93: copa-america-femenina-2025 | C93: COMPETITION | D93: la28-football-w | E93: OLYMPIC_EVENT | F93: PLACING | G93: 2 | I93: Both finalists of the 2025 Copa América Femenina | M93: Settled: Brazil and Colombia. Nothing can change these two. | N93: 20 | P93: https://en.wikipedia.org/wiki/Football_at_the_2028_Summer_Olympics_%E2%80%93_Women%27s_qualification | Q93: FROM_WIKIPEDIA | T93: =IF(AND(COUNTIF(Competitions!A:A,B93)+COUNTIF(Ranking_Systems!A:A,B93)+COUNTIF(Olympic_Events!A:A,B93)+IF(OR(B93="HOST_USA",B93="TRIPARTITE"),1,0)>0,COUNTIF(Competitions!A:A,D93)+COUNTIF(Ranking_Systems!A:A,D93)+COUNTIF(Olympic_Events!A:A,D93)>0),"OK","BROKEN") -> OK
A94: fbl-016 | B94: ofc-w-oqt-2028 | C94: COMPETITION | D94: la28-football-w | E94: OLYMPIC_EVENT | F94: PLACING | G94: 1 | I94: OFC’s single berth | M94: Format unannounced. | N94: 20 | P94: https://en.wikipedia.org/wiki/Football_at_the_2028_Summer_Olympics_%E2%80%93_Women%27s_qualification | Q94: UNCONFIRMED | T94: =IF(AND(COUNTIF(Competitions!A:A,B94)+COUNTIF(Ranking_Systems!A:A,B94)+COUNTIF(Olympic_Events!A:A,B94)+IF(OR(B94="HOST_USA",B94="TRIPARTITE"),1,0)>0,COUNTIF(Competitions!A:A,D94)+COUNTIF(Ranking_Systems!A:A,D94)+COUNTIF(Olympic_Events!A:A,D94)>0),"OK","BROKEN") -> OK
A95: fbl-017 | B95: afc-conmebol-playoff-w | C95: COMPETITION | D95: la28-football-w | E95: OLYMPIC_EVENT | F95: PLAYOFF | G95: 1 | I95: Winner of the AFC–CONMEBOL play-off | M95: Decides the sixteenth and final place. | N95: 30 | P95: https://en.wikipedia.org/wiki/Football_at_the_2028_Summer_Olympics_%E2%80%93_Women%27s_qualification | Q95: FROM_WIKIPEDIA | T95: =IF(AND(COUNTIF(Competitions!A:A,B95)+COUNTIF(Ranking_Systems!A:A,B95)+COUNTIF(Olympic_Events!A:A,B95)+IF(OR(B95="HOST_USA",B95="TRIPARTITE"),1,0)>0,COUNTIF(Competitions!A:A,D95)+COUNTIF(Ranking_Systems!A:A,D95)+COUNTIF(Olympic_Events!A:A,D95)>0),"OK","BROKEN") -> OK
A96: fbl-018 | B96: afc-womens-asian-cup-2026 | C96: COMPETITION | D96: afc-w-oqt-2028 | E96: COMPETITION | F96: ADVANCE | H96: 8 | I96: The eight quarter-finalists form the AFC qualifying field | M96: The eight quarter-finalists | Reaching the quarter-finals is the actual entry point to the Asian Olympic route. | N96: 0 | P96: https://en.wikipedia.org/wiki/Football_at_the_2028_Summer_Olympics_%E2%80%93_Women%27s_qualification | Q96: FROM_WIKIPEDIA | T96: =IF(AND(COUNTIF(Competitions!A:A,B96)+COUNTIF(Ranking_Systems!A:A,B96)+COUNTIF(Olympic_Events!A:A,B96)+IF(OR(B96="HOST_USA",B96="TRIPARTITE"),1,0)>0,COUNTIF(Competitions!A:A,D96)+COUNTIF(Ranking_Systems!A:A,D96)+COUNTIF(Olympic_Events!A:A,D96)>0),"OK","BROKEN") -> OK
A97: fbl-019 | B97: afc-w-oqt-2028 | C97: COMPETITION | D97: afc-conmebol-playoff-w | E97: COMPETITION | F97: ADVANCE | H97: 1 | I97: One AFC team advances via a home-and-away tie | M97: Two teams beyond the group winners play off for the AFC play-off slot. | N97: 0 | P97: https://en.wikipedia.org/wiki/Football_at_the_2028_Summer_Olympics_%E2%80%93_Women%27s_qualification | Q97: FROM_WIKIPEDIA | T97: =IF(AND(COUNTIF(Competitions!A:A,B97)+COUNTIF(Ranking_Systems!A:A,B97)+COUNTIF(Olympic_Events!A:A,B97)+IF(OR(B97="HOST_USA",B97="TRIPARTITE"),1,0)>0,COUNTIF(Competitions!A:A,D97)+COUNTIF(Ranking_Systems!A:A,D97)+COUNTIF(Olympic_Events!A:A,D97)>0),"OK","BROKEN") -> OK
A98: fbl-020 | B98: copa-america-femenina-2025 | C98: COMPETITION | D98: afc-conmebol-playoff-w | E98: COMPETITION | F98: ADVANCE | H98: 1 | I98: The third-placed team takes CONMEBOL’s play-off slot | M98: The third-placed team | Argentina finished third in 2025. | N98: 0 | P98: https://en.wikipedia.org/wiki/Football_at_the_2028_Summer_Olympics_%E2%80%93_Women%27s_qualification | Q98: FROM_WIKIPEDIA | T98: =IF(AND(COUNTIF(Competitions!A:A,B98)+COUNTIF(Ranking_Systems!A:A,B98)+COUNTIF(Olympic_Events!A:A,B98)+IF(OR(B98="HOST_USA",B98="TRIPARTITE"),1,0)>0,COUNTIF(Competitions!A:A,D98)+COUNTIF(Ranking_Systems!A:A,D98)+COUNTIF(Olympic_Events!A:A,D98)>0),"OK","BROKEN") -> OK
A99: fbl-021 | B99: uefa-womens-european-qualifiers-2026 | C99: COMPETITION | D99: uefa-wnl-2027 | E99: COMPETITION | F99: ADVANCE | I99: Final league rankings set the 2027 Nations League A/B/C composition | J99: No count — final rankings set League A/B/C composition rather than advancing a fixed number | M99: Only League A group winners reach the Nations League Finals, so League A placement is a precondition for the European Olympic route. | N99: 0 | P99: https://en.wikipedia.org/wiki/Football_at_the_2028_Summer_Olympics_%E2%80%93_Women%27s_qualification | Q99: FROM_WIKIPEDIA | T99: =IF(AND(COUNTIF(Competitions!A:A,B99)+COUNTIF(Ranking_Systems!A:A,B99)+COUNTIF(Olympic_Events!A:A,B99)+IF(OR(B99="HOST_USA",B99="TRIPARTITE"),1,0)>0,COUNTIF(Competitions!A:A,D99)+COUNTIF(Ranking_Systems!A:A,D99)+COUNTIF(Olympic_Events!A:A,D99)>0),"OK","BROKEN") -> OK
A100: fbl-022 | B100: caf-w-oqt-2028-r1 | C100: COMPETITION | D100: caf-w-oqt-2028-r2 | E100: COMPETITION | F100: ADVANCE | H100: 3 | I100: Round 1 winners advance to Round 2 | M100: Two-legged ties. | N100: 0 | P100: https://en.wikipedia.org/wiki/Football_at_the_2028_Summer_Olympics_%E2%80%93_Women%27s_qualification | Q100: FROM_WIKIPEDIA | T100: =IF(AND(COUNTIF(Competitions!A:A,B100)+COUNTIF(Ranking_Systems!A:A,B100)+COUNTIF(Olympic_Events!A:A,B100)+IF(OR(B100="HOST_USA",B100="TRIPARTITE"),1,0)>0,COUNTIF(Competitions!A:A,D100)+COUNTIF(Ranking_Systems!A:A,D100)+COUNTIF(Olympic_Events!A:A,D100)>0),"OK","BROKEN") -> OK
...

Sheet Ranking_Systems
A1: ranking_id | B1: name | C1: governing_body | D1: sport | E1: gender | F1: standings_url | G1: window_start | H1: window_end | I1: cutoff_date | J1: selection_rule_type | K1: selection_n | L1: nation_cap | M1: excludes_already_qualified | N1: feeds_id | O1: points_model_type | P1: points_notes | Q1: min_events | R1: decay_notes | S1: source_ref | T1: confidence
A2: fie-senior-team-ranking | B2: FIE Official Senior Team Ranking List | C2: FIE | D2: Fencing | E2: X | F2: https://fie.org/ | G2: 2027-04-01 | H2: 2028-04-01 | I2: 2028-04-01 | J2: SEE_LINKS | L2: ONE_TEAM_PER_NOC_PER_WEAPON | M2: NO | N2: 6 team events | O2: DOCUMENTED | P2: Points per article o.109 of the FIE Organisation Rules. Ranked separately per weapon. | R2: Only results 1 Apr 2027 – 1 Apr 2028 count. | S2: D.1 | T2: FROM_IOC_DOC
A3: fie-individual-senior-aor | B3: FIE Individual Senior Adjusted Official Ranking (AOR) | C3: FIE | D3: Fencing | E3: X | F3: https://fie.org/ | G3: 2027-04-01 | H3: 2028-04-01 | I3: 2028-04-01 | J3: SEE_LINKS | L3: ONE_ATHLETE_PER_NOC_PER_WEAPON | M3: YES | N3: 6 individual events | O3: DERIVED | P3: Base ranking = points per article o.108. AOR then REMOVES every athlete whose NOC qualified via team qualification, and keeps only the highest-ranked athlete per NOC per zone per weapon. Cannot be read off the published ranking — must be recomputed after team qualification resolves. | R3: Only results 1 Apr 2027 – 1 Apr 2028 count. | S3: D.2 | T3: FROM_IOC_DOC
A4: icc-mens-t20i-team-ranking | B4: ICC Men’s T20I Team Rankings | C4: ICC | D4: Cricket | E4: M | F4: https://www.icc-cricket.com/rankings/about | H4: 2026-12-31 | I4: 2026-12-31 | J4: SEE_LINKS | L4: ONE_TEAM_PER_NOC | M4: YES | N4: la28-cricket-m | O4: DERIVED | P4: ICC rating points are published and computable, BUT the Olympic-eligible order is a filtered view: West Indies holds a ranking position yet cannot take a quota place, and of the British nations only England counts. Asymmetry to watch: WI is skipped for the D.1 continental places but DOES count toward the eight FOGQT slots, and if it lands there a West Indies Nations Regional Tournament is convened. The ICC has since named the four continents used for the direct places: Africa, Asia, Europe and Oceania, each subject to a top-15 proviso. | R4: Window closes 31 Dec 2026. Results after that date cannot affect men’s qualification. | S4: D.1, D.3, H | T4: FROM_IOC_DOC
A5: icc-womens-t20i-team-ranking | B5: ICC Women’s T20I Team Rankings | C5: ICC | D5: Cricket | E5: W | F5: https://www.icc-cricket.com/rankings/team-rankings/womens/t20i | H5: 2027-03-01 | I5: 2027-03-01 | J5: SEE_LINKS | L5: ONE_TEAM_PER_NOC | M5: YES | N5: la28-cricket-w | O5: DERIVED | P5: Same eligibility filtering as the men’s list. The ranking does NOT award the four direct places — those came from the 2026 World Cup. It sets the Olympics Qualifier field, gates the host place, and now decides the fifth place too, because the USA cannot reach the top 15. Two exclusions reshape the order: West Indies holds a position but cannot take a quota place, and Scotland is skipped because only England counts for Great Britain. | R5: Window closes 1 March 2027 — two months later than the men’s. Host-place test closes earlier, 31 Dec 2026. | S5: D.5, D.6, H | T5: FROM_IOC_DOC
A6: fiba-3x3-federation-ranking-w | B6: FIBA 3x3 Federation Ranking (Women) | C6: FIBA | D6: 3x3 Basketball | E6: W | I6: 2027-12-01 | J6: TOP_N_PER_REGION | K6: 1 | P6: TODO — read the FIBA 3x3 LA28 qualification system. | T6: UNVERIFIED
A7: fivb-world-ranking-m | B7: FIVB Senior World Ranking (Men) | C7: FIVB | D7: Volleyball | E7: M | I7: 2028-06-03 | J7: TOP_N | P7: TODO — read the FIVB LA28 qualification system. | T7: UNVERIFIED
A8: uci-mtb-xco-ranking | B8: UCI MTB XCO Ranking | C8: UCI | D8: Cycling | E8: X | I8: 2028-05-19 | J8: TOP_N | P8: TODO — read the UCI LA28 qualification system. | T8: UNVERIFIED
A9: fiba-mens-world-ranking | B9: FIBA Men’s World Ranking | C9: FIBA | D9: Basketball | E9: M | F9: https://www.fiba.basketball/en/ranking/men | H9: 2027-03-31 | I9: 2027-03-31 | J9: SEE_LINKS | K9: 7 | L9: ONE_TEAM_PER_NOC | M9: YES | N9: fiba-olympic-pre-qualifying-tournaments-2027 | O9: DOCUMENTED | P9: PRIMARY entry criterion, unlike the women's list. The March 2027 ranking awards 7 of the 34 FOPQT places outright — to the highest-ranked teams in the FOPQT ranking pool (did NOT reach the WC qualifiers' second round; see README terminology). MODEL REPLACED Nov 2025 (Assist Research): game-based, points added every game and never subtracted, wins worth more, updated after each Qualifiers window — anything assuming the 2017-2025 model is stale. Model docs: how-it-works, FAQ and detailed-examples PDFs linked from the ranking page. Snapshots: 15 Sep 2025, 2 Dec 2025, 3 Mar 2026, 13 Jul 2026; next lands after the 24 Aug-1 Sep 2026 window. Captured to rank 100 of 154; ALL captured rows are NOCs, but the uncaptured tail is NOT uniformly eligible (Macau 145, Tahiti 134, New Caledonia 153 are not NOCs) — if the tail is ever captured, olympic_eligible stops being uniformly Y. URL UNCONFIRMED: standings_url holds /en/ranking/men; the fopqt-7 cut note formerly cited /en/rankings — different strings, and neither has been resolved from here (no network). Verify which one serves the table. | R9: Two distinct snapshots: March 2027 (entry) and March 2028 (reallocation). | S9: D.1.3 A.1, F.1 | T9: FROM_IOC_DOC
A10: fiba-womens-world-ranking | B10: FIBA Women’s World Ranking | C10: FIBA | D10: Basketball | E10: W | F10: https://www.fiba.basketball/en/rankings | H10: 2028-03-31 | I10: 2028-03-31 | J10: CONTINGENCY_ONLY | L10: ONE_TEAM_PER_NOC | M10: YES | N10: replacements only | O10: DOCUMENTED | P10: CONTINGENCY ONLY — never a primary entry criterion, in direct contrast to the men’s ranking. It is consulted at three points, all replacement scenarios: March 2026 (FWOPQT withdrawals), August 2027 (FWOQT withdrawals) and March 2028 (reallocation of declined quota places). No team enters any women’s tournament on ranking alone. | R10: Three snapshots, all for replacements: Mar 2026, Aug 2027, Mar 2028. | S10: D.1.6 A.2, B.6, F.1 | T10: FROM_IOC_DOC

Sheet Standings
A1: ranking_id | B1: rank | C1: team | D1: continent | E1: rating | F1: matches | G1: points | H1: olympic_eligible | I1: eligibility_note | J1: as_of | K1: source_url | L1: confidence | M1: already_qualified | N1: qualified_via | O1: provisional | P1: counts_in_field | Q1: represents_noc
A2: icc-mens-t20i-team-ranking | B2: 1 | C2: India | D2: Asia | E2: 275 | F2: 52 | G2: 14306 | H2: Y | J2: 2026-07-25 | K2: https://en.wikipedia.org/wiki/ICC_Men%27s_T20I_Team_Rankings | L2: FROM_WIKIPEDIA | M2: Y | N2: Continental place (Asia) — leads Asia on the 31 Dec 2026 ranking | O2: N | P2: N
A3: icc-mens-t20i-team-ranking | B3: 2 | C3: England | D3: Europe | E3: 262 | F3: 34 | G3: 8904 | H3: Y | I3: Represents Great Britain; Scotland, Wales and NI cannot take the quota | J3: 2026-07-25 | K3: https://en.wikipedia.org/wiki/ICC_Men%27s_T20I_Team_Rankings | L3: FROM_WIKIPEDIA | M3: Y | N3: Continental place (Europe) | O3: N | P3: N | Q3: Great Britain
A4: icc-mens-t20i-team-ranking | B4: 3 | C4: Australia | D4: Oceania | E4: 258 | F4: 35 | G4: 9044 | H4: Y | J4: 2026-07-25 | K4: https://en.wikipedia.org/wiki/ICC_Men%27s_T20I_Team_Rankings | L4: FROM_WIKIPEDIA | M4: Y | N4: Continental place (Oceania) | O4: N | P4: N
A5: icc-mens-t20i-team-ranking | B5: 4 | C5: New Zealand | D5: Oceania | E5: 247 | F5: 50 | G5: 12348 | H5: Y | J5: 2026-07-25 | K5: https://en.wikipedia.org/wiki/ICC_Men%27s_T20I_Team_Rankings | L5: FROM_WIKIPEDIA | M5: N | O5: N | P5: N
A6: icc-mens-t20i-team-ranking | B6: 5 | C6: South Africa | D6: Africa | E6: 244 | F6: 48 | G6: 11717 | H6: Y | J6: 2026-07-25 | K6: https://en.wikipedia.org/wiki/ICC_Men%27s_T20I_Team_Rankings | L6: FROM_WIKIPEDIA | M6: Y | N6: Continental place (Africa) | O6: N | P6: N
A7: icc-mens-t20i-team-ranking | B7: 6 | C7: Pakistan | D7: Asia | E7: 240 | F7: 57 | G7: 13679 | H7: Y | J7: 2026-07-25 | K7: https://en.wikipedia.org/wiki/ICC_Men%27s_T20I_Team_Rankings | L7: FROM_WIKIPEDIA | M7: N | O7: N | P7: N
A8: icc-mens-t20i-team-ranking | B8: 7 | C8: West Indies | D8: Americas | E8: 233 | F8: 53 | G8: 12367 | H8: N | I8: Composite ICC member, not an IOC NOC. Cannot hold a quota place, but DOES count toward the eight FOGQT slots. | J8: 2026-07-25 | K8: https://en.wikipedia.org/wiki/ICC_Men%27s_T20I_Team_Rankings | L8: FROM_WIKIPEDIA | M8: N | O8: N | P8: Y
A9: icc-mens-t20i-team-ranking | B9: 8 | C9: Bangladesh | D9: Asia | E9: 225 | F9: 47 | G9: 10576 | H9: Y | J9: 2026-07-25 | K9: https://en.wikipedia.org/wiki/ICC_Men%27s_T20I_Team_Rankings | L9: FROM_WIKIPEDIA | M9: N | O9: N | P9: N
A10: icc-mens-t20i-team-ranking | B10: 9 | C10: Sri Lanka | D10: Asia | E10: 221 | F10: 41 | G10: 9053 | H10: Y | J10: 2026-07-25 | K10: https://en.wikipedia.org/wiki/ICC_Men%27s_T20I_Team_Rankings | L10: FROM_WIKIPEDIA | M10: N | O10: N | P10: N
A11: icc-mens-t20i-team-ranking | B11: 10 | C11: Afghanistan | D11: Asia | E11: 220 | F11: 36 | G11: 7935 | H11: Y | J11: 2026-07-25 | K11: https://en.wikipedia.org/wiki/ICC_Men%27s_T20I_Team_Rankings | L11: FROM_WIKIPEDIA | M11: N | O11: N | P11: N
A12: icc-mens-t20i-team-ranking | B12: 11 | C12: Zimbabwe | D12: Africa | E12: 202 | F12: 48 | G12: 9699 | H12: Y | J12: 2026-07-25 | K12: https://en.wikipedia.org/wiki/ICC_Men%27s_T20I_Team_Rankings | L12: FROM_WIKIPEDIA | M12: N | O12: N | P12: N
A13: icc-mens-t20i-team-ranking | B13: 12 | C13: Ireland | D13: Europe | E13: 199 | F13: 27 | G13: 5361 | H13: Y | J13: 2026-07-25 | K13: https://en.wikipedia.org/wiki/ICC_Men%27s_T20I_Team_Rankings | L13: FROM_WIKIPEDIA | M13: N | O13: N | P13: N
A14: icc-mens-t20i-team-ranking | B14: 13 | C14: United States | D14: Americas | E14: 183 | F14: 20 | G14: 6650 | H14: Y | I14: Host. Needs rank 15 or better at some point between 30 Jun and 31 Dec 2026 to keep the host place. | J14: 2026-07-25 | K14: https://en.wikipedia.org/wiki/ICC_Men%27s_T20I_Team_Rankings | L14: FROM_WIKIPEDIA | M14: N | N14: Host place — currently 13th, inside the top 15 required at 31 Dec 2026 (PROVISIONAL) | O14: Y | P14: N
A15: icc-mens-t20i-team-ranking | B15: 14 | C15: Netherlands | D15: Europe | E15: 180 | F15: 24 | G15: 4311 | H15: Y | J15: 2026-07-25 | K15: https://en.wikipedia.org/wiki/ICC_Men%27s_T20I_Team_Rankings | L15: FROM_WIKIPEDIA | M15: N | O15: N | P15: N
A16: icc-mens-t20i-team-ranking | B16: 15 | C16: Scotland | D16: Europe | E16: 179 | F16: 23 | G16: 4116 | H16: N | I16: Part of Great Britain; only England counts toward the quotas. Still occupies a published ranking position. | J16: 2026-07-25 | K16: https://en.wikipedia.org/wiki/ICC_Men%27s_T20I_Team_Rankings | L16: FROM_WIKIPEDIA | M16: N | O16: N | P16: N
A17: icc-womens-t20i-team-ranking | B17: 1 | C17: Australia | D17: Oceania | E17: 291 | F17: 28 | G17: 8151 | H17: Y | J17: 2026-08-01 | K17: https://www.icc-cricket.com/rankings/team-rankings/womens/t20i | L17: FROM_ICC | O17: N | P17: N
A18: icc-womens-t20i-team-ranking | B18: 2 | C18: England | D18: Europe | E18: 276 | F18: 38 | G18: 10504 | H18: Y | J18: 2026-08-01 | K18: https://www.icc-cricket.com/rankings/team-rankings/womens/t20i | L18: FROM_ICC | O18: N | P18: N | Q18: Great Britain
A19: icc-womens-t20i-team-ranking | B19: 3 | C19: India | D19: Asia | E19: 262 | F19: 41 | G19: 10743 | H19: Y | J19: 2026-08-01 | K19: https://www.icc-cricket.com/rankings/team-rankings/womens/t20i | L19: FROM_ICC | O19: N | P19: N
A20: icc-womens-t20i-team-ranking | B20: 4 | C20: New Zealand | D20: Oceania | E20: 249 | F20: 32 | G20: 7966 | H20: Y | J20: 2026-08-01 | K20: https://www.icc-cricket.com/rankings/team-rankings/womens/t20i | L20: FROM_ICC | M20: N | O20: N | P20: N
A21: icc-womens-t20i-team-ranking | B21: 5 | C21: South Africa | D21: Africa | E21: 245 | F21: 38 | G21: 9310 | H21: Y | J21: 2026-08-01 | K21: https://www.icc-cricket.com/rankings/team-rankings/womens/t20i | L21: FROM_ICC | O21: N | P21: N
A22: icc-womens-t20i-team-ranking | B22: 6 | C22: Sri Lanka | D22: Asia | E22: 238 | F22: 35 | G22: 8344 | H22: Y | J22: 2026-08-01 | K22: https://www.icc-cricket.com/rankings/team-rankings/womens/t20i | L22: FROM_ICC | M22: N | O22: N | P22: N
A23: icc-womens-t20i-team-ranking | B23: 7 | C23: West Indies | D23: Americas | E23: 237 | F23: 33 | G23: 7829 | H23: N | I23: Composite ICC member representing multiple Caribbean nations, not an IOC NOC. Cannot hold a quota place — but DOES count toward the eight Olympics Qualifier slots, and if it lands inside, a Caribbean Qualifier is convened to decide which NOC represents the region. | J23: 2026-08-01 | K23: https://www.icc-cricket.com/rankings/team-rankings/womens/t20i | L23: FROM_ICC | M23: N | O23: N | P23: Y
A24: icc-womens-t20i-team-ranking | B24: 8 | C24: Pakistan | D24: Asia | E24: 210 | F24: 32 | G24: 6712 | H24: Y | J24: 2026-08-01 | K24: https://www.icc-cricket.com/rankings/team-rankings/womens/t20i | L24: FROM_ICC | M24: N | O24: N | P24: N
A25: icc-womens-t20i-team-ranking | B25: 9 | C25: Ireland | D25: Europe | E25: 203 | F25: 42 | G25: 8520 | H25: Y | J25: 2026-08-01 | K25: https://www.icc-cricket.com/rankings/team-rankings/womens/t20i | L25: FROM_ICC | M25: N | O25: N | P25: N
A26: icc-womens-t20i-team-ranking | B26: 10 | C26: Bangladesh | D26: Asia | E26: 196 | F26: 37 | G26: 7240 | H26: Y | J26: 2026-08-01 | K26: https://www.icc-cricket.com/rankings/team-rankings/womens/t20i | L26: FROM_ICC | M26: N | O26: N | P26: N
A27: icc-womens-t20i-team-ranking | B27: 11 | C27: Scotland | D27: Europe | E27: 168 | F27: 38 | G27: 6373 | H27: N | I27: Part of Great Britain. Only England is considered for the quotas (NB i of the ICC qualification system), so Scotland’s ranking position is skipped when counting eligible teams. | J27: 2026-08-01 | K27: https://www.icc-cricket.com/rankings/team-rankings/womens/t20i | L27: FROM_ICC | M27: N | O27: N | P27: N
A28: icc-womens-t20i-team-ranking | B28: 12 | C28: Thailand | D28: Asia | E28: 154 | F28: 59 | G28: 9082 | H28: Y | J28: 2026-08-01 | K28: https://www.icc-cricket.com/rankings/team-rankings/womens/t20i | L28: FROM_ICC | M28: N | O28: N | P28: N
A29: icc-womens-t20i-team-ranking | B29: 13 | C29: Papua New Guinea | D29: Oceania | E29: 141 | F29: 30 | G29: 4235 | H29: Y | J29: 2026-08-01 | K29: https://www.icc-cricket.com/rankings/team-rankings/womens/t20i | L29: FROM_ICC | M29: N | O29: N | P29: N
A30: icc-womens-t20i-team-ranking | B30: 14 | C30: Netherlands | D30: Europe | E30: 140 | F30: 49 | G30: 6855 | H30: Y | J30: 2026-08-01 | K30: https://www.icc-cricket.com/rankings/team-rankings/womens/t20i | L30: FROM_ICC | M30: N | O30: N | P30: N
A31: icc-womens-t20i-team-ranking | B31: 15 | C31: United Arab Emirates | D31: Asia | E31: 137 | F31: 46 | G31: 6303 | H31: Y | J31: 2026-08-01 | K31: https://www.icc-cricket.com/rankings/team-rankings/womens/t20i | L31: FROM_ICC | M31: N | O31: N | P31: N
A32: icc-womens-t20i-team-ranking | B32: 16 | C32: Zimbabwe | D32: Africa | E32: 122 | F32: 35 | G32: 4285 | H32: Y | J32: 2026-08-01 | K32: https://www.icc-cricket.com/rankings/team-rankings/womens/t20i | L32: FROM_ICC | M32: N | O32: N | P32: N
A33: icc-womens-t20i-team-ranking | B33: 17 | C33: Uganda | D33: Africa | E33: 112 | F33: 54 | G33: 6056 | H33: Y | J33: 2026-08-01 | K33: https://www.icc-cricket.com/rankings/team-rankings/womens/t20i | L33: FROM_ICC | M33: N | O33: N | P33: N
A34: icc-womens-t20i-team-ranking | B34: 18 | C34: Namibia | D34: Africa | E34: 110 | F34: 46 | G34: 5043 | H34: Y | J34: 2026-08-01 | K34: https://www.icc-cricket.com/rankings/team-rankings/womens/t20i | L34: FROM_ICC | M34: N | O34: N | P34: N
A35: icc-womens-t20i-team-ranking | B35: 19 | C35: USA | D35: Americas | E35: 98 | F35: 28 | G35: 2741 | H35: Y | I35: HOST. Needs top 15 at the 31 Dec 2026 cut-off to keep the automatic place. Sits 19th on 98 — 39 rating points behind 15th-placed UAE (137). Effectively out of reach. | J35: 2026-08-01 | K35: https://www.icc-cricket.com/rankings/team-rankings/womens/t20i | L35: FROM_ICC | M35: N | O35: N | P35: N
A36: icc-womens-t20i-team-ranking | B36: 20 | C36: Tanzania | D36: Africa | E36: 95 | F36: 38 | G36: 3607 | H36: Y | J36: 2026-08-01 | K36: https://www.icc-cricket.com/rankings/team-rankings/womens/t20i | L36: FROM_ICC | M36: N | O36: N | P36: N
A37: icc-womens-t20i-team-ranking | B37: 21 | C37: Indonesia | D37: Asia | E37: 94 | F37: 36 | G37: 3370 | H37: Y | J37: 2026-08-01 | K37: https://www.icc-cricket.com/rankings/team-rankings/womens/t20i | L37: FROM_ICC | M37: N | O37: N | P37: N
A38: icc-womens-t20i-team-ranking | B38: 22 | C38: Nepal | D38: Asia | E38: 92 | F38: 51 | G38: 4673 | H38: Y | J38: 2026-08-01 | K38: https://www.icc-cricket.com/rankings/team-rankings/womens/t20i | L38: FROM_ICC | M38: N | O38: N | P38: N
A39: icc-womens-t20i-team-ranking | B39: 23 | C39: Hong Kong | D39: Asia | E39: 90 | F39: 60 | G39: 5394 | H39: Y | J39: 2026-08-01 | K39: https://www.icc-cricket.com/rankings/team-rankings/womens/t20i | L39: FROM_ICC | M39: N | O39: N | P39: N
A40: icc-womens-t20i-team-ranking | B40: 24 | C40: Rwanda | D40: Africa | E40: 86 | F40: 58 | G40: 4980 | H40: Y | J40: 2026-08-01 | K40: https://www.icc-cricket.com/rankings/team-rankings/womens/t20i | L40: FROM_ICC | M40: N | O40: N | P40: N
A41: icc-womens-t20i-team-ranking | B41: 25 | C41: Italy | D41: Europe | E41: 84 | F41: 31 | G41: 2603 | H41: Y | J41: 2026-08-01 | K41: https://www.icc-cricket.com/rankings/team-rankings/womens/t20i | L41: FROM_ICC | M41: N | O41: N | P41: N
A42: icc-womens-t20i-team-ranking | B42: 26 | C42: Nigeria | D42: Africa | E42: 75 | F42: 36 | G42: 2689 | H42: Y | J42: 2026-08-01 | K42: https://www.icc-cricket.com/rankings/team-rankings/womens/t20i | L42: FROM_ICC | M42: N | O42: N | P42: N
A43: icc-womens-t20i-team-ranking | B43: 27 | C43: Brazil | D43: Americas | E43: 71 | F43: 41 | G43: 2909 | H43: Y | J43: 2026-08-01 | K43: https://www.icc-cricket.com/rankings/team-rankings/womens/t20i | L43: FROM_ICC | M43: N | O43: N | P43: N
A44: icc-womens-t20i-team-ranking | B44: 28 | C44: Germany | D44: Europe | E44: 68 | F44: 30 | G44: 2053 | H44: Y | J44: 2026-08-01 | K44: https://www.icc-cricket.com/rankings/team-rankings/womens/t20i | L44: FROM_ICC | M44: N | O44: N | P44: N
A45: icc-womens-t20i-team-ranking | B45: 29 | C45: Malaysia | D45: Asia | E45: 68 | F45: 51 | G45: 3458 | H45: Y | J45: 2026-08-01 | K45: https://www.icc-cricket.com/rankings/team-rankings/womens/t20i | L45: FROM_ICC | M45: N | O45: N | P45: N
A46: icc-womens-t20i-team-ranking | B46: 30 | C46: Vanuatu | D46: Oceania | E46: 65 | F46: 27 | G46: 1762 | H46: Y | J46: 2026-08-01 | K46: https://www.icc-cricket.com/rankings/team-rankings/womens/t20i | L46: FROM_ICC | M46: N | O46: N | P46: N
A47: icc-womens-t20i-team-ranking | B47: 31 | C47: Kenya | D47: Africa | E47: 64 | F47: 24 | G47: 1534 | H47: Y | J47: 2026-08-01 | K47: https://www.icc-cricket.com/rankings/team-rankings/womens/t20i | L47: FROM_ICC | M47: N | O47: N | P47: N
A48: icc-womens-t20i-team-ranking | B48: 32 | C48: Jersey | D48: Europe | E48: 61 | F48: 27 | G48: 1639 | H48: N | I48: Crown Dependency, not an IOC NOC. | J48: 2026-08-01 | K48: https://www.icc-cricket.com/rankings/team-rankings/womens/t20i | L48: FROM_ICC | M48: N | O48: N | P48: N
A49: icc-womens-t20i-team-ranking | B49: 33 | C49: Spain | E49: 55 | F49: 14 | G49: 773 | H49: Y | J49: 2026-08-01 | K49: https://www.icc-cricket.com/rankings/team-rankings/womens/t20i | L49: FROM_ICC | M49: N | O49: N | P49: N
A50: icc-womens-t20i-team-ranking | B50: 34 | C50: Oman | E50: 55 | F50: 30 | G50: 1639 | H50: Y | J50: 2026-08-01 | K50: https://www.icc-cricket.com/rankings/team-rankings/womens/t20i | L50: FROM_ICC | M50: N | O50: N | P50: N
A51: icc-womens-t20i-team-ranking | B51: 35 | C51: Cyprus | E51: 49 | F51: 22 | G51: 1080 | H51: Y | J51: 2026-08-01 | K51: https://www.icc-cricket.com/rankings/team-rankings/womens/t20i | L51: FROM_ICC | M51: N | O51: N | P51: N
A52: icc-womens-t20i-team-ranking | B52: 36 | C52: Canada | D52: Americas | E52: 49 | F52: 18 | G52: 879 | H52: Y | J52: 2026-08-01 | K52: https://www.icc-cricket.com/rankings/team-rankings/womens/t20i | L52: FROM_ICC | M52: N | O52: N | P52: N
A53: icc-womens-t20i-team-ranking | B53: 37 | C53: Isle of Man | D53: Europe | E53: 47 | F53: 20 | G53: 930 | H53: N | I53: Crown Dependency, not an IOC NOC. | J53: 2026-08-01 | K53: https://www.icc-cricket.com/rankings/team-rankings/womens/t20i | L53: FROM_ICC | M53: N | O53: N | P53: N
A54: icc-womens-t20i-team-ranking | B54: 38 | C54: Sweden | E54: 46 | F54: 17 | G54: 777 | H54: Y | J54: 2026-08-01 | K54: https://www.icc-cricket.com/rankings/team-rankings/womens/t20i | L54: FROM_ICC | M54: N | O54: N | P54: N
A55: icc-womens-t20i-team-ranking | B55: 39 | C55: Switzerland | E55: 44 | F55: 26 | G55: 1141 | H55: Y | J55: 2026-08-01 | K55: https://www.icc-cricket.com/rankings/team-rankings/womens/t20i | L55: FROM_ICC | M55: N | O55: N | P55: N
A56: icc-womens-t20i-team-ranking | B56: 40 | C56: Japan | E56: 44 | F56: 31 | G56: 1358 | H56: Y | J56: 2026-08-01 | K56: https://www.icc-cricket.com/rankings/team-rankings/womens/t20i | L56: FROM_ICC | M56: N | O56: N | P56: N
A57: icc-womens-t20i-team-ranking | B57: 41 | C57: Myanmar | E57: 42 | F57: 32 | G57: 1344 | H57: Y | J57: 2026-08-01 | K57: https://www.icc-cricket.com/rankings/team-rankings/womens/t20i | L57: FROM_ICC | M57: N | O57: N | P57: N
A58: icc-womens-t20i-team-ranking | B58: 42 | C58: China | E58: 41 | F58: 32 | G58: 1327 | H58: Y | J58: 2026-08-01 | K58: https://www.icc-cricket.com/rankings/team-rankings/womens/t20i | L58: FROM_ICC | M58: N | O58: N | P58: N
A59: icc-womens-t20i-team-ranking | B59: 43 | C59: Denmark | E59: 41 | F59: 26 | G59: 1064 | H59: Y | J59: 2026-08-01 | K59: https://www.icc-cricket.com/rankings/team-rankings/womens/t20i | L59: FROM_ICC | M59: N | O59: N | P59: N
A60: icc-womens-t20i-team-ranking | B60: 44 | C60: Sierra Leone | E60: 38 | F60: 26 | G60: 989 | H60: Y | J60: 2026-08-01 | K60: https://www.icc-cricket.com/rankings/team-rankings/womens/t20i | L60: FROM_ICC | M60: N | O60: N | P60: N
A61: icc-womens-t20i-team-ranking | B61: 45 | C61: Bhutan | E61: 37 | F61: 21 | G61: 771 | H61: Y | J61: 2026-08-01 | K61: https://www.icc-cricket.com/rankings/team-rankings/womens/t20i | L61: FROM_ICC | M61: N | O61: N | P61: N
A62: icc-womens-t20i-team-ranking | B62: 46 | C62: France | E62: 35 | F62: 10 | G62: 349 | H62: Y | J62: 2026-08-01 | K62: https://www.icc-cricket.com/rankings/team-rankings/womens/t20i | L62: FROM_ICC | M62: N | O62: N | P62: N
A63: icc-womens-t20i-team-ranking | B63: 47 | C63: Botswana | E63: 32 | F63: 32 | G63: 1010 | H63: Y | J63: 2026-08-01 | K63: https://www.icc-cricket.com/rankings/team-rankings/womens/t20i | L63: FROM_ICC | M63: N | O63: N | P63: N
A64: icc-womens-t20i-team-ranking | B64: 48 | C64: Gibraltar | E64: 32 | F64: 12 | G64: 378 | H64: Y | J64: 2026-08-01 | K64: https://www.icc-cricket.com/rankings/team-rankings/womens/t20i | L64: FROM_ICC | M64: N | O64: N | P64: N
A65: icc-womens-t20i-team-ranking | B65: 49 | C65: Kuwait | E65: 31 | F65: 27 | G65: 842 | H65: Y | J65: 2026-08-01 | K65: https://www.icc-cricket.com/rankings/team-rankings/womens/t20i | L65: FROM_ICC | M65: N | O65: N | P65: N
... A69: icc-womens-t20i-team-ranking | B69: 53 | C69: Romania | E69: 28 | F69: 9 | G69: 251 | H69: Y | J69: 2026-08-01 | K69: https://www.icc-cricket.com/rankings/team-rankings/womens/t20i | L69: FROM_ICC | M69: N | O69: N | P69: N
A70: icc-womens-t20i-team-ranking | B70: 54 | C70: Guernsey | D70: Europe | E70: 25 | F70: 10 | G70: 251 | H70: N | I70: Crown Dependency, not an IOC NOC. | J70: 2026-08-01 | K70: https://www.icc-cricket.com/rankings/team-rankings/womens/t20i | L70: FROM_ICC | M70: N | O70: N | P70: N
A71: icc-womens-t20i-team-ranking | B71: 55 | C71: Austria | E71: 23 | F71: 22 | G71: 501 | H71: Y | J71: 2026-08-01 | K71: https://www.icc-cricket.com/rankings/team-rankings/womens/t20i | L71: FROM_ICC | M71: N | O71: N | P71: N
A72: icc-womens-t20i-team-ranking | B72: 56 | C72: Malawi | E72: 18 | F72: 31 | G72: 556 | H72: Y | J72: 2026-08-01 | K72: https://www.icc-cricket.com/rankings/team-rankings/womens/t20i | L72: FROM_ICC | M72: N | O72: N | P72: N
A73: icc-womens-t20i-team-ranking | B73: 57 | C73: Greece | E73: 18 | F73: 28 | G73: 501 | H73: Y | J73: 2026-08-01 | K73: https://www.icc-cricket.com/rankings/team-rankings/womens/t20i | L73: FROM_ICC | M73: N | O73: N | P73: N
A74: icc-womens-t20i-team-ranking | B74: 58 | C74: Fiji | E74: 18 | F74: 15 | G74: 263 | H74: Y | J74: 2026-08-01 | K74: https://www.icc-cricket.com/rankings/team-rankings/womens/t20i | L74: FROM_ICC | M74: N | O74: N | P74: N
A75: icc-womens-t20i-team-ranking | B75: 59 | C75: Serbia | E75: 17 | F75: 15 | G75: 252 | H75: Y | J75: 2026-08-01 | K75: https://www.icc-cricket.com/rankings/team-rankings/womens/t20i | L75: FROM_ICC | M75: N | O75: N | P75: N
A76: icc-womens-t20i-team-ranking | B76: 60 | C76: Norway | E76: 17 | F76: 19 | G76: 318 | H76: Y | J76: 2026-08-01 | K76: https://www.icc-cricket.com/rankings/team-rankings/womens/t20i | L76: FROM_ICC | M76: N | O76: N | P76: N
A77: icc-womens-t20i-team-ranking | B77: 61 | C77: Estonia | E77: 13 | F77: 21 | G77: 283 | H77: Y | J77: 2026-08-01 | K77: https://www.icc-cricket.com/rankings/team-rankings/womens/t20i | L77: FROM_ICC | M77: N | O77: N | P77: N
A78: icc-womens-t20i-team-ranking | B78: 62 | C78: Czechia | E78: 13 | F78: 20 | G78: 251 | H78: Y | J78: 2026-08-01 | K78: https://www.icc-cricket.com/rankings/team-rankings/womens/t20i | L78: FROM_ICC | M78: N | O78: N | P78: N
A79: icc-womens-t20i-team-ranking | B79: 63 | C79: Qatar | E79: 12 | F79: 24 | G79: 299 | H79: Y | J79: 2026-08-01 | K79: https://www.icc-cricket.com/rankings/team-rankings/womens/t20i | L79: FROM_ICC | M79: N | O79: N | P79: N
A80: icc-womens-t20i-team-ranking | B80: 64 | C80: Finland | E80: 12 | F80: 11 | G80: 136 | H80: Y | J80: 2026-08-01 | K80: https://www.icc-cricket.com/rankings/team-rankings/womens/t20i | L80: FROM_ICC | M80: N | O80: N | P80: N
A81: icc-womens-t20i-team-ranking | B81: 65 | C81: Croatia | E81: 12 | F81: 6 | G81: 73 | H81: Y | J81: 2026-08-01 | K81: https://www.icc-cricket.com/rankings/team-rankings/womens/t20i | L81: FROM_ICC | M81: N | O81: N | P81: N
A82: icc-womens-t20i-team-ranking | B82: 66 | C82: Mozambique | E82: 10 | F82: 22 | G82: 221 | H82: Y | J82: 2026-08-01 | K82: https://www.icc-cricket.com/rankings/team-rankings/womens/t20i | L82: FROM_ICC | M82: N | O82: N | P82: N
... A95: icc-womens-t20i-team-ranking | B95: 72 | C95: Bahrain | E95: 0 | F95: 24 | G95: 0 | H95: Y | J95: 2026-08-01 | K95: https://www.icc-cricket.com/rankings/team-rankings/womens/t20i | L95: FROM_ICC | M95: N | O95: N | P95: N
A96: fiba-mens-world-ranking | B96: 1 | C96: USA | D96: Americas | E96: 920.7 | H96: Y | J96: 2026-07-13 | K96: https://www.fiba.basketball/en/ranking/men | L96: CONFIRMED
A97: fiba-mens-world-ranking | B97: 2 | C97: Germany | D97: Europe | E97: 843.6 | H97: Y | J97: 2026-07-13 | K97: https://www.fiba.basketball/en/ranking/men | L97: CONFIRMED
A98: fiba-mens-world-ranking | B98: 3 | C98: Serbia | D98: Europe | E98: 836.6 | H98: Y | J98: 2026-07-13 | K98: https://www.fiba.basketball/en/ranking/men | L98: CONFIRMED
A99: fiba-mens-world-ranking | B99: 4 | C99: France | D99: Europe | E99: 836 | H99: Y | J99: 2026-07-13 | K99: https://www.fiba.basketball/en/ranking/men | L99: CONFIRMED
A100: fiba-mens-world-ranking | B100: 5 | C100: Canada | D100: Americas | E100: 831.4 | H100: Y | J100: 2026-07-13 | K100: https://www.fiba.basketball/en/ranking/men | L100: CONFIRMED
A101: fiba-mens-world-ranking | B101: 6 | C101: Spain | D101: Europe | E101: 798.1 | H101: Y | J101: 2026-07-13 | K101: https://www.fiba.basketball/en/ranking/men | L101: CONFIRMED
A102: fiba-mens-world-ranking | B102: 7 | C102: Australia | D102: Asia | E102: 796.8 | H102: Y | J102: 2026-07-13 | K102: https://www.fiba.basketball/en/ranking/men | L102: CONFIRMED
A103: fiba-mens-world-ranking | B103: 8 | C103: Argentina | D103: Americas | E103: 783.1 | H103: Y | J103: 2026-07-13 | K103: https://www.fiba.basketball/en/ranking/men | L103: CONFIRMED
A104: fiba-mens-world-ranking | B104: 9 | C104: Brazil | D104: Americas | E104: 776.6 | H104: Y | J104: 2026-07-13 | K104: https://www.fiba.basketball/en/ranking/men | L104: CONFIRMED
A105: fiba-mens-world-ranking | B105: 10 | C105: Lithuania | D105: Europe | E105: 773.7 | H105: Y | J105: 2026-07-13 | K105: https://www.fiba.basketball/en/ranking/men | L105: CONFIRMED
A106: fiba-mens-world-ranking | B106: 11 | C106: Türkiye | D106: Europe | E106: 770.6 | H106: Y | J106: 2026-07-13 | K106: https://www.fiba.basketball/en/ranking/men | L106: CONFIRMED
A107: fiba-mens-world-ranking | B107: 12 | C107: Latvia | D107: Europe | E107: 759.4 | H107: Y | J107: 2026-07-13 | K107: https://www.fiba.basketball/en/ranking/men | L107: CONFIRMED
... A195: fiba-mens-world-ranking | B195: 100 | C195: Malta | D195: Europe | E195: 102.8 | H195: Y | J195: 2026-07-13 | K195: https://www.fiba.basketball/en/ranking/men | L195: CONFIRMED

Sheet Cut_Lines
A1: cut_line_id | B1: ranking_id | C1: name | D1: rule | E1: n | F1: deadline | G1: leads_to | H1: notes | I1: offset | J1: applies_to | K1: continents | L1: computability
A2: icc-m-continental-4 | B2: icc-mens-t20i-team-ranking | C2: Four continental places | D2: TOP_PER_NAMED_CONTINENT | E2: 4 | F2: 2026-12-31 | G2: la28-cricket-m | H2: RESOLVED — previously flagged ambiguous. The ICC names the four continents: AFRICA, ASIA, EUROPE and OCEANIA. The Americas is NOT among them; that region is covered by the host place. A further proviso applies: a continental leader must also be inside the top 15. On the 25 Jul 2026 table these four places go to India (Asia, 275), England (Europe, 262), Australia (Oceania, 258) and South Africa (Africa, 244) — all comfortably clear, none contested. | I2: 0 | K2: Africa, Asia, Europe, Oceania
A3: icc-m-host-top15 | B3: icc-mens-t20i-team-ranking | C3: Host place test — rank 15 or better | D3: RANK_AT_OR_ABOVE | E3: 15 | F3: 2026-12-31 | G3: la28-cricket-m | H3: USA ONLY. AMBIGUOUS — the contradiction is inside the ICC's own output; THREE readings: (1) "any time during the window" (30 Jun-31 Dec 2026) — ICC release "Qualification and Format Confirmed", Olympics.com, Wikipedia, Business Standard; (2) "at the 31 Dec 2026 cut-off" — ICC Women's T20 WC news page, InsideTheGames; (3) "remain in the top 15 until 31 Dec" (continuous) — The National. USA men (13th on 30 Jun, the window's first day) already satisfy (1) and probably (2); only (3) is at risk. Section D.2/H supports (1) but is not decisive. BLAST RADIUS: host place only — the USA are outside the FOGQT pool either way, so the Qualifier cut stays at Ireland/12. USA 13th on 183, 3 points clear of Netherlands (180); 16th place uncaptured, true margin unknown. | I3: 0 | J3: United States
A4: icc-m-fogqt-8 | B4: icc-mens-t20i-team-ranking | C4: FOGQT field — next eight not yet qualified | D4: NEXT_N_NOT_QUALIFIED | E4: 8 | F4: 2026-12-31 | G4: icc-fogqt-men | H4: With the four continental places and the host place accounted for, the next eight eligible teams take the ICC Olympics Qualifier 2027 field: New Zealand (4), Pakistan (6), West Indies (7 — counts toward the eight though it cannot hold a quota place), Bangladesh (8), Sri Lanka (9), Afghanistan (10), Zimbabwe (11) and Ireland (12). THE CUT FALLS AT RANK 12. The Netherlands (14, 180) is the first team outside, 19 rating points behind Ireland (199). That gap is the live contest in men’s cricket qualification. | I4: 0
A5: icc-w-fogqt-8 | B5: icc-womens-t20i-team-ranking | C5: FOGQT field — next eight not yet qualified | D5: NEXT_N_NOT_QUALIFIED | E5: 8 | F5: 2027-03-01 | G5: icc-fogqt-women | H5: FULLY COMPUTED. Four direct places went at the Women’s T20 World Cup 2026 (Australia, England, India, South Africa — verify against ICC confirmation) and the host place falls through to New Zealand. The eight-team Olympics Qualifier field is then: Sri Lanka (6), West Indies (7 — counts toward the eight though it cannot hold a quota place, which triggers a Caribbean Qualifier), Pakistan (8), Ireland (9), Bangladesh (10), Thailand (12), Papua New Guinea (13) and the Netherlands (14). SCOTLAND IS SKIPPED at 11th on 168 despite out-rating the last three — only England counts among the British nations, and that single exclusion lifts Thailand, PNG and the Netherlands into the field. THE CUT FALLS AT RANK 14. UAE (15th, 137) is the first team outside, just THREE rating points behind the Netherlands (140) — the tightest margin anywhere in this database. Zimbabwe (16th, 122) is 18 behind. | I5: 0
A6: icc-w-host-top15 | B6: icc-womens-t20i-team-ranking | C6: Host place test — rank 15 or better | D6: RANK_AT_OR_ABOVE | E6: 15 | F6: 2026-12-31 | G6: la28-cricket-w | H6: APPLIES TO THE UNITED STATES ONLY. Same "during the qualification period" wording as the men’s test (D.5, H): the USA needed to appear at rank 15 or better at some point between 30 Jun and 31 Dec 2026. They are 19th on 98, thirty-nine rating points behind 15th-placed UAE (137), so the place is expected to fall through to the 1 March 2027 reallocation. | I6: 0 | J6: United States
A7: fiba-m-fopqt-7 | B7: fiba-mens-world-ranking | C7: Seven FOPQT places on ranking | D7: TOP_N_OF_POOL | E7: 7 | F7: 2027-03-31 | G7: fiba-olympic-pre-qualifying-tournaments-2027 | H7: Pool: teams NOT in the WC qualifiers' second round; ranking applied only within that pool. | BLOCKED (2 Aug 2026), computability=UNSATISFIABLE — no satisfiable reading: the global top 7 on today's table is Czechia 23, Venezuela 27, Belgium 35, GB 46, Bulgaria 55, Denmark 59, Switzerland 61 — six Europeans where Europe's leftover seats are four. The per-region reading is coherent but needs leftover seats, which needs the unresolved Africa 27-vs-28 entry rule. FIBA's LA28 entry document settles both; until then no top-7 is computed or displayed. | VERIFICATION ITEM (2 Aug 2026, UNCONFIRMED — precedent research): the 2024 Africa pre-qualifier's ranking place was drawn from 'FIBA World Rankings — Africa', a regional list, not a global cut. Evidence AGAINST the global TOP_N_OF_POOL reading recorded here. Rule value unchanged; check FIBA's LA28 entry document before remodelling. | I7: 0 | L7: UNSATISFIABLE
A8: icc-m-host-fallback | B8: icc-mens-t20i-team-ranking | C8: Host-place fallback | D8: NEXT_N_NOT_QUALIFIED | E8: 1 | F8: 2026-12-31 | G8: la28-cricket-m | H8: If the USA men miss the top 15 at 31 Dec 2026, their place goes to the next-highest-ranked nation from any continent not already qualified — on today’s table New Zealand (4th, 247). Everything below then shifts up one, so the Olympics Qualifier cut would move from Ireland (12th) to the Netherlands (14th). | I8: 0
A9: icc-w-host-fallback | B9: icc-womens-t20i-team-ranking | C9: Host-place fallback (1 March 2027) | D9: PROVISIONAL_HOLDER | E9: 1 | F9: 2027-03-01 | G9: la28-cricket-w | H9: CURRENTLY HELD BY NEW ZEALAND (4th, 249), as the highest-ranked nation not qualified through the Women’s T20 World Cup 2026. The place is not settled until the 1 March 2027 standings, so any team that overtakes New Zealand takes it instead. Sri Lanka (6th, 238) is the nearest challenger, 11 rating points behind. | I9: 0

Sheet Fixtures
A1: fixture_id | B1: competition_id | C1: date | D1: team1 | E1: team2 | F1: stage | G1: stage_source | H1: result | I1: broadcast | J1: check | K1: notes | L1: date_confidence
A2: fx-0001 | B2: 2026-concacaf-u-20-championship | C2: 46227 | D2: Mexico U-20 | E2: Antigua and Barbuda U-20 | F2: Group stage · Matchday 1 | G2: RESEARCHED | H2: 3-0 | J2: =IF(COUNTIF(Competitions!A:A,B2)>0,"OK","BROKEN") -> OK
A3: fx-0002 | B3: 2026-concacaf-u-20-championship | C3: 46227 | D3: Guatemala U-20 | E3: Costa Rica U-20 | F3: Group stage · Matchday 1 | G3: RESEARCHED | H3: 0-1 | J3: =IF(COUNTIF(Competitions!A:A,B3)>0,"OK","BROKEN") -> OK
A4: fx-0003 | B4: 2026-concacaf-u-20-championship | C4: 46228 | D4: USA U-20 | E4: Haiti U-20 | F4: Group stage · Matchday 1 | G4: RESEARCHED | H4: 3-0 | J4: =IF(COUNTIF(Competitions!A:A,B4)>0,"OK","BROKEN") -> OK
A5: fx-0004 | B5: 2026-concacaf-u-20-championship | C5: 46228 | D5: Cuba U-20 | E5: El Salvador U-20 | F5: Group stage · Matchday 1 | G5: RESEARCHED | H5: 3-0 | J5: =IF(COUNTIF(Competitions!A:A,B5)>0,"OK","BROKEN") -> OK
A6: fx-0005 | B6: 2026-concacaf-u-20-championship | C6: 46229 | D6: Honduras U-20 | E6: Jamaica U-20 | F6: Group stage · Matchday 1 | G6: RESEARCHED | H6: 1-2 | J6: =IF(COUNTIF(Competitions!A:A,B6)>0,"OK","BROKEN") -> OK
A7: fx-0006 | B7: 2026-concacaf-u-20-championship | C7: 46229 | D7: Panama U-20 | E7: Canada U-20 | F7: Group stage · Matchday 1 | G7: RESEARCHED | H7: 0-3 | J7: =IF(COUNTIF(Competitions!A:A,B7)>0,"OK","BROKEN") -> OK
A8: fx-0007 | B8: 2026-concacaf-u-20-championship | C8: 46230 | D8: Costa Rica U-20 | E8: Mexico U-20 | F8: Group stage · Matchday 2 | G8: RESEARCHED | H8: 0-2 | J8: =IF(COUNTIF(Competitions!A:A,B8)>0,"OK","BROKEN") -> OK
A9: fx-0008 | B9: 2026-concacaf-u-20-championship | C9: 46230 | D9: Antigua and Barbuda U-20 | E9: Guatemala U-20 | F9: Group stage · Matchday 2 | G9: RESEARCHED | H9: 0-4 | J9: =IF(COUNTIF(Competitions!A:A,B9)>0,"OK","BROKEN") -> OK
A10: fx-0009 | B10: 2026-concacaf-u-20-championship | C10: 46231 | D10: Haiti U-20 | E10: Cuba U-20 | F10: Group stage · Matchday 2 | G10: RESEARCHED | H10: 3-2 | J10: =IF(COUNTIF(Competitions!A:A,B10)>0,"OK","BROKEN") -> OK
A11: fx-0010 | B11: 2026-concacaf-u-20-championship | C11: 46231 | D11: El Salvador U-20 | E11: USA U-20 | F11: Group stage · Matchday 2 | G11: RESEARCHED | H11: 0-3 | J11: =IF(COUNTIF(Competitions!A:A,B11)>0,"OK","BROKEN") -> OK
A12: fx-0011 | B12: 2026-concacaf-u-20-championship | C12: 46232 | D12: Jamaica U-20 | E12: Panama U-20 | F12: Group stage · Matchday 2 | G12: RESEARCHED | H12: 2-2 | J12: =IF(COUNTIF(Competitions!A:A,B12)>0,"OK","BROKEN") -> OK
A13: fx-0012 | B13: 2026-concacaf-u-20-championship | C13: 46232.875 | D13: Canada U-20 | E13: Honduras U-20 | F13: Group stage · Matchday 2 | G13: RESEARCHED | H13: 1-1 | I13: USA: FS2, FOX One or ViX; VPN: Concacaf YouTube | J13: =IF(COUNTIF(Competitions!A:A,B13)>0,"OK","BROKEN") -> OK
A14: fx-0024 | B14: 2026-concacaf-u-20-championship | C14: 46233.75 | D14: Costa Rica U-20 | E14: Antigua and Barbuda U-20 | F14: Group stage · Matchday 3 | G14: RESEARCHED | H14: 4-1 | I14: USA: FOX One/FOX Sports or ViX; VPN: Concacaf YouTube | J14: =IF(COUNTIF(Competitions!A:A,B25)>0,"OK","BROKEN") -> OK
A15: fx-0025 | B15: 2026-concacaf-u-20-championship | C15: 46233.875 | D15: Mexico U-20 | E15: Guatemala U-20 | F15: Group stage · Matchday 3 | G15: RESEARCHED | H15: 4-0 | I15: USA: FS2, FOX One or ViX; VPN: Concacaf YouTube | J15: =IF(COUNTIF(Competitions!A:A,B26)>0,"OK","BROKEN") -> OK
A16: fx-0026 | B16: pakistan-women-s-cricket-team-in-sri-lanka-in-2026 | C16: 46234.021 | D16: Sri Lanka Women | E16: Pakistan Women | F16: Series match 1 of 3 | G16: DERIVED | I16: Willow Sports/Willow by Cricbuzz — official U.S. broadcast and stream; available through Willow, Fubo or Sling; no VPN needed | J16: =IF(COUNTIF(Competitions!A:A,B27)>0,"OK","BROKEN") -> OK
A17: fx-0036 | B17: 2026-concacaf-u-20-championship | C17: 46234.708 | D17: El Salvador U-20 | E17: Haiti U-20 | F17: Group stage · Matchday 3 | G17: RESEARCHED | H17: 1-2 | I17: USA: FOX One/FOX Sports or ViX; VPN: Concacaf YouTube | J17: =IF(COUNTIF(Competitions!A:A,B37)>0,"OK","BROKEN") -> OK
A18: fx-0039 | B18: 2026-concacaf-u-20-championship | C18: 46234.917 | D18: USA U-20 | E18: Cuba U-20 | F18: Group stage · Matchday 3 | G18: RESEARCHED | H18: 5-0 | I18: USA: FOX One/FOX Sports or ViX; VPN: Concacaf YouTube | J18: =IF(COUNTIF(Competitions!A:A,B40)>0,"OK","BROKEN") -> OK
A19: fx-0062 | B19: 2026-concacaf-u-20-championship | C19: 46235.667 | D19: Canada U-20 | E19: Jamaica U-20 | F19: Group stage · Matchday 3 | G19: RESEARCHED | I19: USA: FOX One/FOX Sports or ViX; VPN: Concacaf YouTube | J19: =IF(COUNTIF(Competitions!A:A,B63)>0,"OK","BROKEN") -> OK
A20: fx-0063 | B20: 2026-concacaf-u-20-championship | C20: 46235.875 | D20: Honduras U-20 | E20: Panama U-20 | F20: Group stage · Matchday 3 | G20: RESEARCHED | H20: 0-4 | I20: USA: FOX One/FOX Sports or ViX; VPN: Concacaf YouTube | J20: =IF(COUNTIF(Competitions!A:A,B64)>0,"OK","BROKEN") -> OK
A21: fx-0064 | B21: pakistan-women-s-cricket-team-in-sri-lanka-in-2026 | C21: 46236.021 | D21: Sri Lanka Women | E21: Pakistan Women | F21: Series match 2 of 3 | G21: DERIVED | I21: Willow Sports/Willow by Cricbuzz — official U.S. broadcast and stream; available through Willow, Fubo or Sling; no VPN needed | J21: =IF(COUNTIF(Competitions!A:A,B65)>0,"OK","BROKEN") -> OK
A22: fx-0068 | B22: fiba-women-s-americup-2027-south-american-qualifier | C22: 46237.542 | D22: Chile | E22: Brazil | F22: Group stage | G22: DERIVED | I22: FIBA YouTube — official free live stream; no VPN expected | J22: =IF(COUNTIF(Competitions!A:A,B69)>0,"OK","BROKEN") -> OK
A23: fx-0069 | B23: fiba-women-s-americup-2027-south-american-qualifier | C23: 46237.688 | D23: Paraguay | E23: Uruguay | F23: Group stage | G23: DERIVED | I23: FIBA YouTube — official free live stream; no VPN expected | J23: =IF(COUNTIF(Competitions!A:A,B70)>0,"OK","BROKEN") -> OK
A24: fx-0070 | B24: fiba-women-s-americup-2027-south-american-qualifier | C24: 46237.833 | D24: Colombia | E24: Argentina | F24: Group stage | G24: DERIVED | I24: FIBA YouTube — official free live stream; no VPN expected | J24: =IF(COUNTIF(Competitions!A:A,B71)>0,"OK","BROKEN") -> OK
A25: fx-0071 | B25: 2026-concacaf-u-20-championship | C25: 46238 | D25: Costa Rica U-20 | E25: Haiti U-20 | F25: Quarter-final 2 | G25: DERIVED | J25: =IF(COUNTIF(Competitions!A:A,B72)>0,"OK","BROKEN") -> OK
A26: fx-0072 | B26: 2026-concacaf-u-20-championship | C26: 2026-08-05 | D26: USA U-20 | E26: Guatemala U-20 | F26: Quarter-final 1 | G26: DERIVED | J26: =IF(COUNTIF(Competitions!A:A,B73)>0,"OK","BROKEN") -> OK
A27: fx-0073 | B27: pakistan-women-s-cricket-team-in-sri-lanka-in-2026 | C27: 46238.021 | D27: Sri Lanka Women | E27: Pakistan Women | F27: Series match 3 of 3 | G27: DERIVED | I27: Willow Sports/Willow by Cricbuzz — official U.S. broadcast and stream; available through Willow, Fubo or Sling; no VPN needed | J27: =IF(COUNTIF(Competitions!A:A,B74)>0,"OK","BROKEN") -> OK
A28: fx-0074 | B28: fiba-women-s-americup-2027-south-american-qualifier | C28: 46238.542 | D28: Venezuela | E28: Chile | F28: Group stage | G28: DERIVED | I28: FIBA YouTube — official free live stream; no VPN expected | J28: =IF(COUNTIF(Competitions!A:A,B75)>0,"OK","BROKEN") -> OK
A29: fx-0075 | B29: fiba-women-s-americup-2027-south-american-qualifier | C29: 46238.688 | D29: Uruguay | E29: Colombia | F29: Group stage | G29: DERIVED | I29: FIBA YouTube — official free live stream; no VPN expected | J29: =IF(COUNTIF(Competitions!A:A,B76)>0,"OK","BROKEN") -> OK
A30: fx-0076 | B30: fiba-women-s-americup-2027-south-american-qualifier | C30: 46238.833 | D30: Argentina | E30: Paraguay | F30: Group stage | G30: DERIVED | I30: FIBA YouTube — official free live stream; no VPN expected | J30: =IF(COUNTIF(Competitions!A:A,B77)>0,"OK","BROKEN") -> OK
A31: fx-0077 | B31: 2026-concacaf-u-20-championship | C31: 2026-08-05 | D31: Mexico U-20 | E31: Panama U-20 | F31: Quarter-final 4 | G31: DERIVED | J31: =IF(COUNTIF(Competitions!A:A,B78)>0,"OK","BROKEN") -> OK | K31: 6 Aug in an earlier source was a UTC rendering of a 5 Aug evening kickoff. Official: QFs 4-5 Aug, SFs 7 Aug, final 9 Aug.
A32: fx-0078 | B32: 2026-concacaf-u-20-championship | C32: 46239 | D32: Canada U-20 | E32: Jamaica U-20 | F32: Quarter-final 3 | G32: DERIVED | J32: =IF(COUNTIF(Competitions!A:A,B79)>0,"OK","BROKEN") -> OK
A33: fx-0079 | B33: fiba-women-s-americup-2027-south-american-qualifier | C33: 46240.542 | D33: Brazil | E33: Venezuela | F33: Group stage | G33: DERIVED | I33: FIBA YouTube — official free live stream; no VPN expected | J33: =IF(COUNTIF(Competitions!A:A,B80)>0,"OK","BROKEN") -> OK
A34: fx-0080 | B34: fiba-women-s-americup-2027-south-american-qualifier | C34: 46240.688 | D34: Colombia | E34: Paraguay | F34: Group stage | G34: DERIVED | I34: FIBA YouTube — official free live stream; no VPN expected | J34: =IF(COUNTIF(Competitions!A:A,B81)>0,"OK","BROKEN") -> OK
A35: fx-0081 | B35: fiba-women-s-americup-2027-south-american-qualifier | C35: 46240.833 | D35: Uruguay | E35: Argentina | F35: Group stage | G35: DERIVED | I35: FIBA YouTube — official free live stream; no VPN expected | J35: =IF(COUNTIF(Competitions!A:A,B82)>0,"OK","BROKEN") -> OK
A36: fx-0082 | B36: 2026-concacaf-u-20-championship | C36: 46241 | D36: Winner QF1 | E36: Winner QF2 | F36: Semi-final 1 | G36: RESEARCHED | J36: =IF(COUNTIF(Competitions!A:A,B83)>0,"OK","BROKEN") -> OK
A37: fx-0083 | B37: 2026-concacaf-u-20-championship | C37: 46241 | D37: Winner QF3 | E37: Winner QF4 | F37: Semi-final 2 | G37: RESEARCHED | J37: =IF(COUNTIF(Competitions!A:A,B84)>0,"OK","BROKEN") -> OK
A38: fx-0084 | B38: 2026-concacaf-u-20-championship | C38: 46243 | D38: Winner SF1 | E38: Winner SF2 | F38: Final | G38: RESEARCHED | J38: =IF(COUNTIF(Competitions!A:A,B85)>0,"OK","BROKEN") -> OK
A39: fx-0086 | B39: 2026-fiba-women-s-olympic-pre-qualifying-tournament | C39: 46251.583 | D39: Brazil | E39: South Sudan | F39: Group stage | G39: DERIVED | I39: Courtside 1891 on DAZN — expected official U.S. stream; event-specific listing not yet posted; blackouts may apply | J39: =IF(COUNTIF(Competitions!A:A,B87)>0,"OK","BROKEN") -> OK
A40: fx-0087 | B40: 2026-fiba-women-s-olympic-pre-qualifying-tournament | C40: 46251.698 | D40: Argentina | E40: New Zealand | F40: Group stage | G40: DERIVED | I40: Courtside 1891 on DAZN — expected official U.S. stream; event-specific listing not yet posted; blackouts may apply | J40: =IF(COUNTIF(Competitions!A:A,B88)>0,"OK","BROKEN") -> OK
A41: fx-0088 | B41: 2026-fiba-women-s-olympic-pre-qualifying-tournament | C41: 46251.812 | D41: Canada | E41: Senegal | F41: Group stage | G41: DERIVED | I41: Courtside 1891 on DAZN — expected official U.S. stream; event-specific listing not yet posted; blackouts may apply | J41: =IF(COUNTIF(Competitions!A:A,B89)>0,"OK","BROKEN") -> OK
A42: fx-0089 | B42: 2026-fiba-women-s-olympic-pre-qualifying-tournament | C42: 46251.938 | D42: Mexico | E42: Philippines | F42: Group stage | G42: DERIVED | I42: Courtside 1891 on DAZN — expected official U.S. stream; event-specific listing not yet posted; blackouts may apply | J42: =IF(COUNTIF(Competitions!A:A,B90)>0,"OK","BROKEN") -> OK
A43: fx-0090 | B43: 2026-fiba-women-s-olympic-pre-qualifying-tournament | C43: 46252.812 | D43: South Sudan | E43: Argentina | F43: Group stage | G43: DERIVED | I43: Courtside 1891 on DAZN — expected official U.S. stream; event-specific listing not yet posted; blackouts may apply | J43: =IF(COUNTIF(Competitions!A:A,B91)>0,"OK","BROKEN") -> OK
A44: fx-0091 | B44: 2026-fiba-women-s-olympic-pre-qualifying-tournament | C44: 46252.938 | D44: New Zealand | E44: Brazil | F44: Group stage | G44: DERIVED | I44: Courtside 1891 on DAZN — expected official U.S. stream; event-specific listing not yet posted; blackouts may apply | J44: =IF(COUNTIF(Competitions!A:A,B92)>0,"OK","BROKEN") -> OK
A45: fx-0092 | B45: 2026-fiba-women-s-olympic-pre-qualifying-tournament | C45: 46253.812 | D45: Philippines | E45: Canada | F45: Group stage | G45: DERIVED | I45: Courtside 1891 on DAZN — expected official U.S. stream; event-specific listing not yet posted; blackouts may apply | J45: =IF(COUNTIF(Competitions!A:A,B93)>0,"OK","BROKEN") -> OK
A46: fx-0093 | B46: 2026-fiba-women-s-olympic-pre-qualifying-tournament | C46: 46253.938 | D46: Senegal | E46: Mexico | F46: Group stage | G46: DERIVED | I46: Courtside 1891 on DAZN — expected official U.S. stream; event-specific listing not yet posted; blackouts may apply | J46: =IF(COUNTIF(Competitions!A:A,B94)>0,"OK","BROKEN") -> OK
A47: fx-0094 | B47: 2026-fiba-women-s-olympic-pre-qualifying-tournament | C47: 46254.583 | D47: Brazil | E47: Argentina | F47: Group stage | G47: DERIVED | I47: Courtside 1891 on DAZN — expected official U.S. stream; event-specific listing not yet posted; blackouts may apply | J47: =IF(COUNTIF(Competitions!A:A,B95)>0,"OK","BROKEN") -> OK
A48: fx-0095 | B48: 2026-fiba-women-s-olympic-pre-qualifying-tournament | C48: 46254.698 | D48: New Zealand | E48: South Sudan | F48: Group stage | G48: DERIVED | I48: Courtside 1891 on DAZN — expected official U.S. stream; event-specific listing not yet posted; blackouts may apply | J48: =IF(COUNTIF(Competitions!A:A,B96)>0,"OK","BROKEN") -> OK
A49: fx-0096 | B49: 2026-fiba-women-s-olympic-pre-qualifying-tournament | C49: 46254.812 | D49: Philippines | E49: Senegal | F49: Group stage | G49: DERIVED | I49: Courtside 1891 on DAZN — expected official U.S. stream; event-specific listing not yet posted; blackouts may apply | J49: =IF(COUNTIF(Competitions!A:A,B97)>0,"OK","BROKEN") -> OK
A50: fx-0097 | B50: 2026-fiba-women-s-olympic-pre-qualifying-tournament | C50: 46254.938 | D50: Canada | E50: Mexico | F50: Group stage | G50: DERIVED | I50: Courtside 1891 on DAZN — expected official U.S. stream; event-specific listing not yet posted; blackouts may apply | J50: =IF(COUNTIF(Competitions!A:A,B98)>0,"OK","BROKEN") -> OK
... A151: fx-0198 | B151: indian-cricket-team-in-bangladesh-in-2026 | C151: 46277 | D151: Bangladesh | E151: India | F151: Series match 2 of 3 | G151: DERIVED | I151: Not announced — BCB's U.S./worldwide media rights are still unresolved | J151: =IF(COUNTIF(Competitions!A:A,B199)>0,"OK","BROKEN") -> OK
A152: fx-0202 | B152: indian-cricket-team-in-bangladesh-in-2026 | C152: 46278 | D152: Bangladesh | E152: India | F152: Series match 3 of 3 | G152: DERIVED | I152: Not announced — BCB's U.S./worldwide media rights are still unresolved | J152: =IF(COUNTIF(Competitions!A:A,B203)>0,"OK","BROKEN") -> OK
A153: fx-0203 | B153: south-africa-women-s-cricket-team-in-zimbabwe-in-2026 | C153: 46278.312 | D153: Zimbabwe Women | E153: South Africa Women | F153: Series match 2 of 5 | G153: DERIVED | I153: Willow TV/Willow by Cricbuzz — U.S. rights holder for Zimbabwe Cricket; subscription required; no VPN expected | J153: =IF(COUNTIF(Competitions!A:A,B204)>0,"OK","BROKEN") -> OK
A154: fx-0212 | B154: south-africa-women-s-cricket-team-in-zimbabwe-in-2026 | C154: 46280.312 | D154: Zimbabwe Women | E154: South Africa Women | F154: Series match 3 of 5 | G154: DERIVED | I154: Willow TV/Willow by Cricbuzz — U.S. rights holder for Zimbabwe Cricket; subscription required; no VPN expected | J154: =IF(COUNTIF(Competitions!A:A,B213)>0,"OK","BROKEN") -> OK
A155: fx-0214 | B155: sri-lankan-cricket-team-in-england-in-2026 | C155: 46280.562 | D155: England | E155: Sri Lanka | F155: Series match 1 of 3 | G155: DERIVED | I155: Willow TV/Willow by Cricbuzz — official U.S. broadcast; subscription required; no VPN needed | J155: =IF(COUNTIF(Competitions!A:A,B215)>0,"OK","BROKEN") -> OK
A156: fx-0218 | B156: cricket-at-the-2026-asian-games-women-s-tournament | C156: 46281.833 | D156: India Women | E156: Japan Women | F156: Group stage | G156: DERIVED | I156: No confirmed U.S. broadcaster; VPN to India: Sony LIV/Sony Sports Network — Asian Games rights confirmed, cricket coverage TBA | J156: =IF(COUNTIF(Competitions!A:A,B219)>0,"OK","BROKEN") -> OK
A157: fx-0219 | B157: cricket-at-the-2026-asian-games-women-s-tournament | C157: 46282.042 | D157: Pakistan Women | E157: Thailand Women | F157: Group stage | G157: DERIVED | I157: No confirmed U.S. broadcaster; VPN to India: Sony LIV/Sony Sports Network — Asian Games rights confirmed, cricket coverage TBA | J157: =IF(COUNTIF(Competitions!A:A,B220)>0,"OK","BROKEN") -> OK
A158: fx-0220 | B158: south-africa-women-s-cricket-team-in-zimbabwe-in-2026 | C158: 46282.312 | D158: Zimbabwe Women | E158: South Africa Women | F158: Series match 4 of 5 | G158: DERIVED | I158: Willow TV/Willow by Cricbuzz — U.S. rights holder for Zimbabwe Cricket; subscription required; no VPN expected | J158: =IF(COUNTIF(Competitions!A:A,B221)>0,"OK","BROKEN") -> OK
A159: fx-0221 | B159: sri-lankan-cricket-team-in-england-in-2026 | C159: 46282.562 | D159: England | E159: Sri Lanka | F159: Series match 2 of 3 | G159: DERIVED | I159: Willow TV/Willow by Cricbuzz — official U.S. broadcast; subscription required; no VPN needed | J159: =IF(COUNTIF(Competitions!A:A,B222)>0,"OK","BROKEN") -> OK
A160: fx-0222 | B160: cricket-at-the-2026-asian-games-women-s-tournament | C160: 46282.833 | D160: Malaysia Women | E160: Sri Lanka Women | F160: Group stage | G160: DERIVED | I160: No confirmed U.S. broadcaster; VPN to India: Sony LIV/Sony Sports Network — Asian Games rights confirmed, cricket coverage TBA | J160: =IF(COUNTIF(Competitions!A:A,B223)>0,"OK","BROKEN") -> OK
A161: fx-0223 | B161: cricket-at-the-2026-asian-games-women-s-tournament | C161: 46283.042 | D161: Bangladesh Women | E161: China Women | F161: Group stage | G161: DERIVED | I161: No confirmed U.S. broadcaster; VPN to India: Sony LIV/Sony Sports Network — Asian Games rights confirmed, cricket coverage TBA | J161: =IF(COUNTIF(Competitions!A:A,B224)>0,"OK","BROKEN") -> OK
A162: fx-0224 | B162: south-africa-women-s-cricket-team-in-zimbabwe-in-2026 | C162: 46284.312 | D162: Zimbabwe Women | E162: South Africa Women | F162: Series match 5 of 5 | G162: DERIVED | I162: Willow TV/Willow by Cricbuzz — U.S. rights holder for Zimbabwe Cricket; subscription required; no VPN expected | J162: =IF(COUNTIF(Competitions!A:A,B225)>0,"OK","BROKEN") -> OK
A163: fx-0225 | B163: sri-lankan-cricket-team-in-england-in-2026 | C163: 46284.396 | D163: England | E163: Sri Lanka | F163: Series match 3 of 3 | G163: DERIVED | I163: Willow TV/Willow by Cricbuzz — official U.S. broadcast; subscription required; no VPN needed | J163: =IF(COUNTIF(Competitions!A:A,B226)>0,"OK","BROKEN") -> OK
A164: fx-0227 | B164: west-indian-cricket-team-in-india-in-202627 | C164: 46301.396 | D164: India | E164: West Indies | F164: Series match 1 of 5 | G164: DERIVED | I164: Willow TV/Willow by Cricbuzz — official U.S. stream; subscription required; no VPN needed | J164: =IF(COUNTIF(Competitions!A:A,B228)>0,"OK","BROKEN") -> OK
A165: fx-0229 | B165: west-indian-cricket-team-in-india-in-202627 | C165: 46304.396 | D165: India | E165: West Indies | F165: Series match 2 of 5 | G165: DERIVED | I165: Willow TV/Willow by Cricbuzz — official U.S. stream; subscription required; no VPN needed | J165: =IF(COUNTIF(Competitions!A:A,B230)>0,"OK","BROKEN") -> OK
A166: fx-0234 | B166: west-indian-cricket-team-in-india-in-202627 | C166: 46306.396 | D166: India | E166: West Indies | F166: Series match 3 of 5 | G166: DERIVED | I166: Willow TV/Willow by Cricbuzz — official U.S. stream; subscription required; no VPN needed | J166: =IF(COUNTIF(Competitions!A:A,B235)>0,"OK","BROKEN") -> OK
A167: fx-0236 | B167: west-indian-cricket-team-in-india-in-202627 | C167: 46309.396 | D167: India | E167: West Indies | F167: Series match 4 of 5 | G167: DERIVED | I167: Willow TV/Willow by Cricbuzz — official U.S. stream; subscription required; no VPN needed | J167: =IF(COUNTIF(Competitions!A:A,B237)>0,"OK","BROKEN") -> OK
A168: fx-0237 | B168: west-indian-cricket-team-in-india-in-202627 | C168: 46312.396 | D168: India | E168: West Indies | F168: Series match 5 of 5 | G168: DERIVED | I168: Willow TV/Willow by Cricbuzz — official U.S. stream; subscription required; no VPN needed | J168: =IF(COUNTIF(Competitions!A:A,B238)>0,"OK","BROKEN") -> OK
A169: fx-0241 | B169: fiba-eurobasket-2029-pre-qualifiers-second-round | C169: 46352 | D169: North Macedonia | E169: Cyprus | F169: Pre-qualifiers second round · Window 5 | G169: RESEARCHED | I169: Courtside 1891 on DAZN — official U.S. live/on-demand stream; time TBD | J169: =IF(COUNTIF(Competitions!A:A,B242)>0,"OK","BROKEN") -> OK
A170: fx-0242 | B170: 2027-fiba-basketball-world-cup-qualification-americas | C170: 46352 | D170: Panama | E170: Puerto Rico | F170: Second round · Window 5 | G170: RESEARCHED | I170: Courtside 1891 on DAZN — official U.S. live/on-demand stream; time TBD | J170: =IF(COUNTIF(Competitions!A:A,B243)>0,"OK","BROKEN") -> OK
A171: fx-0243 | B171: fiba-eurobasket-2029-pre-qualifiers-second-round | C171: 46352 | D171: Norway | E171: Belgium | F171: Pre-qualifiers second round · Window 5 | G171: RESEARCHED | I171: Courtside 1891 on DAZN — official U.S. live/on-demand stream; time TBD | J171: =IF(COUNTIF(Competitions!A:A,B244)>0,"OK","BROKEN") -> OK
A172: fx-0244 | B172: fiba-eurobasket-2029-pre-qualifiers-second-round | C172: 46352 | D172: Slovakia | E172: Switzerland | F172: Pre-qualifiers second round · Window 5 | G172: RESEARCHED | I172: Courtside 1891 on DAZN — official U.S. live/on-demand stream; time TBD | J172: =IF(COUNTIF(Competitions!A:A,B245)>0,"OK","BROKEN") -> OK
A173: fx-0245 | B173: fiba-eurobasket-2029-pre-qualifiers-second-round | C173: 46352 | D173: Bulgaria | E173: Denmark | F173: Pre-qualifiers second round · Window 5 | G173: RESEARCHED | I173: Courtside 1891 on DAZN — official U.S. live/on-demand stream; time TBD | J173: =IF(COUNTIF(Competitions!A:A,B246)>0,"OK","BROKEN") -> OK
A174: fx-0246 | B174: 2027-fiba-basketball-world-cup-qualification-europe | C174: 46352 | D174: Iceland | E174: Bosnia and Herzegovina | F174: Second round · Window 5 | G174: RESEARCHED | I174: Courtside 1891 on DAZN — official U.S. live/on-demand stream; time TBD | J174: =IF(COUNTIF(Competitions!A:A,B247)>0,"OK","BROKEN") -> OK
A175: fx-0247 | B175: 2027-fiba-basketball-world-cup-qualification-europe | C175: 46352 | D175: Lithuania | E175: Serbia | F175: Second round · Window 5 | G175: RESEARCHED | I175: Courtside 1891 on DAZN — official U.S. live/on-demand stream; time TBD | J175: =IF(COUNTIF(Competitions!A:A,B248)>0,"OK","BROKEN") -> OK
A176: fx-0248 | B176: 2027-fiba-basketball-world-cup-qualification-europe | C176: 46352 | D176: Greece | E176: Georgia | F176: Second round · Window 5 | G176: RESEARCHED | I176: Courtside 1891 on DAZN — official U.S. live/on-demand stream; time TBD | J176: =IF(COUNTIF(Competitions!A:A,B249)>0,"OK","BROKEN") -> OK
A177: fx-0249 | B177: 2027-fiba-basketball-world-cup-qualification-europe | C177: 46352 | D177: Italy | E177: Türkiye | F177: Second round · Window 5 | G177: RESEARCHED | I177: Courtside 1891 on DAZN — official U.S. live/on-demand stream; time TBD | J177: =IF(COUNTIF(Competitions!A:A,B250)>0,"OK","BROKEN") -> OK
A178: fx-0250 | B178: 2027-fiba-basketball-world-cup-qualification-europe | C178: 46352 | D178: Montenegro | E178: Spain | F178: Second round · Window 5 | G178: RESEARCHED | I178: Courtside 1891 on DAZN — official U.S. live/on-demand stream; time TBD | J178: =IF(COUNTIF(Competitions!A:A,B251)>0,"OK","BROKEN") -> OK
A179: fx-0251 | B179: 2027-fiba-basketball-world-cup-qualification-asia | C179: 46352 | D179: Saudi Arabia | E179: China | F179: Second round · Window 5 | G179: RESEARCHED | I179: Courtside 1891 on DAZN — official U.S. live/on-demand stream; time TBD | J179: =IF(COUNTIF(Competitions!A:A,B252)>0,"OK","BROKEN") -> OK
A180: fx-0252 | B180: 2027-fiba-basketball-world-cup-qualification-asia | C180: 46352 | D180: Qatar | E180: South Korea | F180: Second round · Window 5 | G180: RESEARCHED | I180: Courtside 1891 on DAZN — official U.S. live/on-demand stream; time TBD | J180: =IF(COUNTIF(Competitions!A:A,B253)>0,"OK","BROKEN") -> OK
... A184: fx-0256 | B184: 2027-fiba-basketball-world-cup-qualification-americas | C184: 46352 | D184: Argentina | E184: Bahamas | F184: Second round · Window 5 | G184: RESEARCHED | I184: Courtside 1891 on DAZN — official U.S. live/on-demand stream; time TBD | J184: =IF(COUNTIF(Competitions!A:A,B257)>0,"OK","BROKEN") -> OK
A185: fx-0259 | B185: 2027-fiba-basketball-world-cup-qualification-americas | C185: 46353 | D185: Brazil | E185: United States | F185: Second round · Window 5 | G185: RESEARCHED | I185: Courtside 1891 on DAZN — official U.S. live/on-demand stream; time TBD | J185: =IF(COUNTIF(Competitions!A:A,B260)>0,"OK","BROKEN") -> OK
A186: fx-0260 | B186: 2027-fiba-basketball-world-cup-qualification-americas | C186: 46353 | D186: Colombia | E186: Dominican Republic | F186: Second round · Window 5 | G186: RESEARCHED | I186: Courtside 1891 on DAZN — official U.S. live/on-demand stream; time TBD | J186: =IF(COUNTIF(Competitions!A:A,B261)>0,"OK","BROKEN") -> OK
A187: fx-0261 | B187: 2027-fiba-basketball-world-cup-qualification-americas | C187: 46353 | D187: Chile | E187: Mexico | F187: Second round · Window 5 | G187: RESEARCHED | I187: Courtside 1891 on DAZN — official U.S. live/on-demand stream; time TBD | J187: =IF(COUNTIF(Competitions!A:A,B262)>0,"OK","BROKEN") -> OK
A188: fx-0262 | B188: 2027-fiba-basketball-world-cup-qualification-asia | C188: 46353 | D188: Iran | E188: Australia | F188: Second round · Window 5 | G188: RESEARCHED | I188: Courtside 1891 on DAZN — official U.S. live/on-demand stream; time TBD | J188: =IF(COUNTIF(Competitions!A:A,B263)>0,"OK","BROKEN") -> OK
A189: fx-0263 | B189: 2027-fiba-basketball-world-cup-qualification-asia | C189: 46353 | D189: Jordan | E189: New Zealand | F189: Second round · Window 5 | G189: RESEARCHED | I189: Courtside 1891 on DAZN — official U.S. live/on-demand stream; time TBD | J189: =IF(COUNTIF(Competitions!A:A,B264)>0,"OK","BROKEN") -> OK
A190: fx-0264 | B190: 2027-fiba-basketball-world-cup-qualification-asia | C190: 46353 | D190: Syria | E190: Philippines | F190: Second round · Window 5 | G190: RESEARCHED | I190: Courtside 1891 on DAZN — official U.S. live/on-demand stream; time TBD | J190: =IF(COUNTIF(Competitions!A:A,B265)>0,"OK","BROKEN") -> OK
A191: fx-0265 | B191: 2027-fiba-basketball-world-cup-qualification-europe | C191: 46353 | D191: Poland | E191: Croatia | F191: Second round · Window 5 | G191: RESEARCHED | I191: Courtside 1891 on DAZN — official U.S. live/on-demand stream; time TBD | J191: =IF(COUNTIF(Competitions!A:A,B266)>0,"OK","BROKEN") -> OK
A192: fx-0266 | B192: 2027-fiba-basketball-world-cup-qualification-europe | C192: 46353 | D192: Latvia | E192: Germany | F192: Second round · Window 5 | G192: RESEARCHED | I192: Courtside 1891 on DAZN — official U.S. live/on-demand stream; time TBD | J192: =IF(COUNTIF(Competitions!A:A,B267)>0,"OK","BROKEN") -> OK
A193: fx-0267 | B193: 2027-fiba-basketball-world-cup-qualification-europe | C193: 46353 | D193: Netherlands | E193: Israel | F193: Second round · Window 5 | G193: RESEARCHED | I193: Courtside 1891 on DAZN — official U.S. live/on-demand stream; time TBD | J193: =IF(COUNTIF(Competitions!A:A,B268)>0,"OK","BROKEN") -> OK
A194: fx-0268 | B194: 2027-fiba-basketball-world-cup-qualification-europe | C194: 46353 | D194: Estonia | E194: France | F194: Second round · Window 5 | G194: RESEARCHED | I194: Courtside 1891 on DAZN — official U.S. live/on-demand stream; time TBD | J194: =IF(COUNTIF(Competitions!A:A,B269)>0,"OK","BROKEN") -> OK
A195: fx-0269 | B195: 2027-fiba-basketball-world-cup-qualification-europe | C195: 46353 | D195: Slovenia | E195: Finland | F195: Second round · Window 5 | G195: RESEARCHED | I195: Courtside 1891 on DAZN — official U.S. live/on-demand stream; time TBD | J195: =IF(COUNTIF(Competitions!A:A,B270)>0,"OK","BROKEN") -> OK
A196: fx-0270 | B196: 2027-fiba-basketball-world-cup-qualification-europe | C196: 46353 | D196: Sweden | E196: Hungary | F196: Second round · Window 5 | G196: RESEARCHED | I196: Courtside 1891 on DAZN — official U.S. live/on-demand stream; time TBD | J196: =IF(COUNTIF(Competitions!A:A,B271)>0,"OK","BROKEN") -> OK
A197: fx-0274 | B197: 2027-fiba-basketball-world-cup-qualification-asia | C197: 46355 | D197: Saudi Arabia | E197: South Korea | F197: Second round · Window 5 | G197: RESEARCHED | I197: Courtside 1891 on DAZN — official U.S. live/on-demand stream; time TBD | J197: =IF(COUNTIF(Competitions!A:A,B275)>0,"OK","BROKEN") -> OK
A198: fx-0275 | B198: 2027-fiba-basketball-world-cup-qualification-asia | C198: 46355 | D198: Lebanon | E198: China | F198: Second round · Window 5 | G198: RESEARCHED | I198: Courtside 1891 on DAZN — official U.S. live/on-demand stream; time TBD | J198: =IF(COUNTIF(Competitions!A:A,B276)>0,"OK","BROKEN") -> OK
A199: fx-0276 | B199: 2027-fiba-basketball-world-cup-qualification-americas | C199: 46355 | D199: Argentina | E199: Canada | F199: Second round · Window 5 | G199: RESEARCHED | I199: Courtside 1891 on DAZN — official U.S. live/on-demand stream; time TBD | J199: =IF(COUNTIF(Competitions!A:A,B277)>0,"OK","BROKEN") -> OK
A200: fx-0277 | B200: 2027-fiba-basketball-world-cup-qualification-americas | C200: 46355 | D200: Panama | E200: Bahamas | F200: Second round · Window 5 | G200: RESEARCHED | I200: Courtside 1891 on DAZN — official U.S. live/on-demand stream; time TBD | J200: =IF(COUNTIF(Competitions!A:A,B278)>0,"OK","BROKEN") -> OK
A201: fx-0278 | B201: fiba-eurobasket-2029-pre-qualifiers-second-round | C201: 46355 | D201: Czechia | E201: Belgium | F201: Pre-qualifiers second round · Window 5 | G201: RESEARCHED | I201: Courtside 1891 on DAZN — official U.S. live/on-demand stream; time TBD | J201: =IF(COUNTIF(Competitions!A:A,B279)>0,"OK","BROKEN") -> OK
A202: fx-0279 | B202: fiba-eurobasket-2029-pre-qualifiers-second-round | C202: 46355 | D202: Austria | E202: Cyprus | F202: Pre-qualifiers second round · Window 5 | G202: RESEARCHED | I202: Courtside 1891 on DAZN — official U.S. live/on-demand stream; time TBD | J202: =IF(COUNTIF(Competitions!A:A,B280)>0,"OK","BROKEN") -> OK
A203: fx-0280 | B203: fiba-eurobasket-2029-pre-qualifiers-second-round | C203: 46355 | D203: Great Britain | E203: Switzerland | F203: Pre-qualifiers second round · Window 5 | G203: RESEARCHED | I203: Courtside 1891 on DAZN — official U.S. live/on-demand stream; time TBD | J203: =IF(COUNTIF(Competitions!A:A,B281)>0,"OK","BROKEN") -> OK
...

Sheet Qualified
A1: olympic_event_id | B1: team | C1: qualified_via | D1: date | E1: confidence | F1: notes | G1: hold_status
A2: la28-football-w | B2: Brazil | C2: copa-america-femenina-2025 | D2: 2025-08-02 | E2: CONFIRMED | G2: SETTLED
A3: la28-football-w | B3: Colombia | C3: copa-america-femenina-2025 | D3: 2025-08-02 | E3: CONFIRMED | G3: SETTLED
A4: la28-cricket-w | B4: Australia | C4: icc-womens-t20-world-cup-2026 | D4: 2026-07-06 | E4: CONFIRMED | F4: ICC-confirmed continental qualifier (Oceania). | G4: SETTLED
A5: la28-cricket-w | B5: Great Britain | C5: icc-womens-t20-world-cup-2026 | D5: 2026-07-06 | E5: CONFIRMED | F5: England's ICC results represent Great Britain; Scotland, Wales and NI cannot hold the quota place. ICC-confirmed continental qualifier (Europe). | G5: SETTLED
A6: la28-cricket-w | B6: India | C6: icc-womens-t20-world-cup-2026 | D6: 2026-07-06 | E6: CONFIRMED | F6: ICC-confirmed continental qualifier (Asia). Asia's place went to the highest-placed ELIGIBLE FINISHER, not a semi-finalist — India qualified despite going out before the semis. | G6: SETTLED
A7: la28-cricket-w | B7: South Africa | C7: icc-womens-t20-world-cup-2026 | D7: 2026-07-06 | E7: CONFIRMED | F7: ICC-confirmed continental qualifier (Africa). | G7: SETTLED
A8: la28-cricket-w | B8: New Zealand | C8: icc-womens-t20i-team-ranking | E8: CONFIRMED | F8: Host-place fallback (cut-line icc-w-host-fallback, link cri-020): held by the highest-ranked non-qualified nation on the 1 March 2027 women's T20I ranking. Contestable until the cut-off. | G8: PROVISIONAL
